place_id,name,business_status,business_address,lat,lng,types,rating,user_ratings_total,keyword,grid_lat,grid_lng
ChIJ61dLKKEpRI4RjSIFSUlKI8o,Circular shop 5,CLOSED_TEMPORARILY,"Cq. 4 #72/53, Laureles - Estadio, Medellín, Laureles, Medellín, Antioquia, Colombia",6.2463668,-75.5922262,"convenience_store,food_store,food,point_of_interest,store,establishment",,,convenience_store,,
ChIJ13_0ozQpRI4Rvsy3C40EhiI,Ferreteria El Santos,CLOSED_TEMPORARILY,"Cra. 33 #45-51 a 45-1, Buenos Aires, Medellín, Buenos Aires, Medellín, Antioquia, Colombia",6.239180999999999,-75.5564598,"hardware_store,point_of_interest,store,establishment",3.8,5,hardware_store,,
ChIJ7T8IUZAvRI4RS7y23ZsMYnw,Ferrelectricos San jacinto,CLOSED_TEMPORARILY,"Dg. 57 #57-53, Hermosa Provincia, Bello, Antioquia, Colombia",6.342691899999999,-75.54144769999999,"hardware_store,point_of_interest,store,establishment",4.5,4,hardware_store,,
ChIJGaaByJklRI4RddDzXdWhS1A,Ferretería J & J,CLOSED_TEMPORARILY,"Cl. 50 #4788, Copacabana, Antioquia, Colombia",6.347167799999999,-75.5066609,"hardware_store,point_of_interest,store,establishment",5,2,hardware_store,,
ChIJh1zhf5wpRI4RSjaRKB6L2nY,Asistimos Medellín,CLOSED_TEMPORARILY,"Av. El Colombiano #32-2 a 32-42, Medellín, Belén, Medellín, Antioquia, Colombia",6.2360267,-75.591596,"hardware_store,point_of_interest,store,establishment",,,hardware_store,,
ChIJoQZ1MmYoRI4R4FPT91Yq10A,Ferreteria Multiprisa,CLOSED_TEMPORARILY,"a 20b-21, Via Medellín-Via Sta. Elena #20b-1, El Vergel, Medellín, Buenos Aires, Medellín, Antioquia, Colombia",6.2380935,-75.5478167,"hardware_store,point_of_interest,store,establishment",4.8,6,hardware_store,,
ChIJ4-VHJBSHRo4RfJPRcyhStF0,LICORERA MINAS,CLOSED_TEMPORARILY,"Amagá-Angelópolis #15 a 13, Estación Angelopolis, Amagá, Antioquia, Colombia",6.0673034,-75.6986215,"liquor_store,point_of_interest,store,establishment",,,liquor_store,,
ChIJAx5DXSagRo4R9sN8KDVLCQ4,Vinos La Alborada,CLOSED_TEMPORARILY,"Cl. 27 #31-25, Marinilla, Antioquia, Colombia",6.1717984,-75.33689919999999,"liquor_store,point_of_interest,store,establishment",,,liquor_store,,
ChIJG95JDs8pRI4RULGsy8PMh9Y,Salsamentaria y Licores El Trebol,CLOSED_TEMPORARILY,"Cra. 49 #94-73, Aranjuez, Medellín, Aranjuez, Medellín, Antioquia, Colombia",6.2864009,-75.55614489999999,"liquor_store,point_of_interest,store,establishment",5,1,liquor_store,,
ChIJW4jT0C2CRo4R4mXqZcS7ngs,el Libador,CLOSED_TEMPORARILY,"Cra. 51 #48-00, Villa Paula, Itagüi, Antioquia, Colombia",6.1718737,-75.61146719999999,"liquor_store,point_of_interest,store,establishment",4.4,7,liquor_store,,
ChIJZ7X_tysoRI4ROjyRnnbZKzk,"Licorera ""MI Habana""",CLOSED_TEMPORARILY,"Cl 10 #4250 42- a, El Poblado, Medellín, El Poblado, Medellín, Antioquia, Colombia",6.2104171,-75.5698819,"liquor_store,point_of_interest,store,establishment",,,liquor_store,,
ChIJ_cQcLbCDRo4RtfWC7v1IG38,Always liquor,CLOSED_TEMPORARILY,"Cl. 74 #52-08, Santa Maria II, Itagüi, Medellín, Antioquia, Colombia",6.1847068,-75.5968816,"liquor_store,point_of_interest,store,establishment",,,liquor_store,,
ChIJdS3zVqkpRI4R0J8apZS3Vy0,Licores Eydan,CLOSED_TEMPORARILY,"Cra. 33 #56-21, Medellín, Villa Hermosa, Medellín, Antioquia, Colombia",6.246734099999999,-75.5527212,"liquor_store,point_of_interest,store,establishment",5,3,liquor_store,,
ChIJjWBOzNsdRI4RH7AKzWYGROs,0,CLOSED_TEMPORARILY,"Cr15A N 2-45, Peñol, Antioquia, Colombia",6.215959,-75.2425179,"liquor_store,point_of_interest,store,establishment",5,4,liquor_store,,
ChIJwx2Xf6cpRI4RpRNlo87Or9o,PYC Granizadoras,CLOSED_TEMPORARILY,"Tv. 41 #N° 74-56, Laureles - Estadio, Medellín, Laureles, Medellín, Antioquia, Colombia",6.247780199999999,-75.5941809,"liquor_store,wholesaler,point_of_interest,food,store,establishment",3.5,11,liquor_store,,
ChIJywyVQYopRI4RSE612zkhTog,BBC - Bodega Manila Manila,CLOSED_TEMPORARILY,"Cl 11A, El Poblado, Medellín, El Poblado, Medellín, Antioquia, Colombia",6.213477999999999,-75.57299789999999,"bar,liquor_store,point_of_interest,store,establishment",1,1,"bar,liquor_store",,
ChIJ65XSd6qDRo4Rv6sir1_lHA4,RESO CORTINAS,CLOSED_TEMPORARILY,"Cl. 55 Sur #43 A 17 INT.501, Sabaneta, Antioquia, Colombia",6.1571145,-75.6057548,"home_goods_store,point_of_interest,store,establishment",,,home_goods_store,,
ChIJ6cuQu3OfRo4RcMKpd8Sf2UE,Colchones Paraíso - Centro (La Pola),CLOSED_TEMPORARILY,"Cra. 46 # 51 - 31, Rionegro, Antioquia, Colombia",6.1545236999999995,-75.3705858,"home_goods_store,furniture_store,home_improvement_store,point_of_interest,store,establishment",4,2,"home_goods_store,furniture_store",,
ChIJ7-N3_GSBRo4RbtfhVvxWZcc,Suplyadornos,CLOSED_TEMPORARILY,"Cl 79B S, El Palmar, La Estrella, Antioquia, Colombia",6.1550906,-75.6316458,"home_goods_store,point_of_interest,store,establishment",4.8,4,home_goods_store,,
ChIJCTsYzXcpRI4Ro4fhrSF0rlQ,Baúl del peluquero,CLOSED_TEMPORARILY,"Cl. 42C #88-15, Santa Monica, Medellín, La América, Medellín, Antioquia, Colombia",6.249967,-75.6073176,"home_goods_store,point_of_interest,store,establishment",5,1,home_goods_store,,
ChIJFazHwtApRI4RusP2j2CVjVM,ZAMIA - GALERÍA DE JOYERÍA Y ARTESANÍA COLOMBIANA,CLOSED_TEMPORARILY,"Cra. 41 #10-72, El Poblado, Medellín, El Poblado, Medellín, Antioquia, Colombia",6.210530899999999,-75.5683992,"jewelry_store,book_store,museum,home_goods_store,point_of_interest,store,establishment",4.6,11,"book_store,home_goods_store",,
ChIJG3WwKzAoRI4RoNlT7jFCD5E,Fotografía Aérea Colombia,CLOSED_TEMPORARILY,"Cra. 28 #29-190 apto 232, Medellín, Buenos Aires, Medellín, Antioquia, Colombia",6.227005,-75.55807,"electronics_store,home_goods_store,point_of_interest,store,establishment",4.5,4,"electronics_store,home_goods_store",,
ChIJHT67maUpRI4RWTp2RMqNLCE,TV NEWS TV,CLOSED_TEMPORARILY,"Carrera 66B # 34A - 76 Local 339 2do piso, Centro Comercial Unicentro, Local 339, Laureles - Estadio, Medellín, Laureles, Medellín, Antioquia, Colombia",6.239482799999999,-75.5877758,"home_goods_store,point_of_interest,store,establishment",3.6,9,home_goods_store,,
ChIJM4k0Xv4oRI4RQhFpN_KUxHw,Bioled,CLOSED_TEMPORARILY,"Tenerife #51-20, La Candelaria, Medellín, La Candelaria, Medellín, Antioquia, Colombia",6.2522173,-75.5714655,"home_improvement_store,home_goods_store,point_of_interest,store,establishment",4.1,35,home_goods_store,,
ChIJRdIKrvkoRI4RRrnZAAbRkMA,Colchones Paraíso - C.C Camino Real,CLOSED_TEMPORARILY,"Cra. 47 #No 52-86, La Candelaria, Medellín, La Candelaria, Medellín, Antioquia, Colombia",6.250002599999999,-75.56475569999999,"home_goods_store,furniture_store,home_improvement_store,point_of_interest,store,establishment",2.9,32,"home_goods_store,furniture_store",,
ChIJTRCEQnUpRI4R1CgT3PSLNDM,D Mobiliario,CLOSED_TEMPORARILY,"CL 78B #72 A-220, Altamira, Medellín, Robledo, Medellín, Antioquia, Colombia",6.2807208999999995,-75.5841257,"furniture_store,home_improvement_store,home_goods_store,point_of_interest,store,establishment",,,"furniture_store,home_goods_store",,
ChIJU4eAKqODRo4R0tGl-j7yuC8,Vivero Tierra Negra - CC Viva Envigado,CLOSED_TEMPORARILY,"Av. Las Vegas, Zona 1, Envigado, Antioquia, Colombia",6.176291,-75.5909894,"home_goods_store,point_of_interest,store,establishment",4.3,10,home_goods_store,,
ChIJVbDzMpMpRI4RhOPz5JQBMZ4,Veladoras velas La inmaculada,CLOSED_TEMPORARILY,"Calle 32 #33B19, El Salvador, Buenos Aires, Medellín, Antioquia, Colombia",6.231219599999999,-75.5615448,"home_improvement_store,home_goods_store,point_of_interest,store,establishment",,,home_goods_store,,
ChIJZaeC3VspRI4R70PgY7Yx3E0,Home and Visas,CLOSED_TEMPORARILY,"Cq. 4 #Nº 69-41, Laureles - Estadio, Medellín, Laureles, Medellín, Antioquia, Colombia",6.246137399999999,-75.5886185,"real_estate_agency,home_goods_store,general_contractor,point_of_interest,store,establishment",2.7,7,home_goods_store,,
ChIJcS9ghBopRI4R6iZx_aug8jo,JR Soluciones en Madera,CLOSED_TEMPORARILY,"Cl 44 #84-26, Santa Monica, Medellín, La América, Medellín, Antioquia, Colombia",6.2506992,-75.6047621,"furniture_store,home_improvement_store,home_goods_store,general_contractor,point_of_interest,store,establishment",4.4,9,"furniture_store,home_goods_store",,
ChIJfc5AMECCRo4RhXDI3HF5ztA,ANUBIS TECHNOLOGY,CLOSED_TEMPORARILY,"Carrera 52 C #77-63, Santa Maria II, Itagui, Antioquia, Colombia",6.1879452,-75.5961441,"electronics_store,home_goods_store,wholesaler,point_of_interest,store,establishment",4.5,15,"electronics_store,home_goods_store",,
ChIJldUyOdSDRo4R6nisQjKLO2k,Simoona,CLOSED_TEMPORARILY,"Cra. 46 #64 Sur-20 64 Sur-20, Sabaneta, Antioquia, Colombia",6.154834699999999,-75.6124572,"gift_shop,home_goods_store,point_of_interest,store,establishment",,,home_goods_store,,
ChIJm1zbRCEpRI4RMitGQdzvrHE,SYN,CLOSED_TEMPORARILY,"CL 78B #94-58, Aures, Medellín, Robledo, Medellín, Antioquia, Colombia",6.2901504,-75.5943238,"restaurant,meal_delivery,fast_food_restaurant,food_delivery,wholesaler,home_goods_store,point_of_interest,store,food,establishment",,,"restaurant,meal_delivery,home_goods_store",,
ChIJpS5pQz6DRo4R-unI3FiyITE,NERDS KITCHEN SAS BIC,CLOSED_TEMPORARILY,"Parque la reserva mall, Av. Las Palmas #Km 17 Local 101, Envigado, Vda. El Penasco, Envigado, Antioquia, Colombia",6.155374,-75.53189619999999,"fine_dining_restaurant,electrician,furniture_store,home_improvement_store,home_goods_store,general_contractor,restaurant,food,point_of_interest,store,establishment",5,2,"furniture_store,home_goods_store,restaurant",,
ChIJu7HcHvGDRo4RNuGBMKd-8kE,MEGAFOTO Itagui,CLOSED_TEMPORARILY,"Cl. 50 #50-35, Villa Paula, Itagüi, Antioquia, Colombia",6.17218,-75.60986419999999,"electronics_store,home_goods_store,point_of_interest,store,establishment",3.8,9,"electronics_store,home_goods_store",,
ChIJue8jPT2fRo4Ridn5GXgrPpA,CUBIC Diseños Modulares,CLOSED_TEMPORARILY,"Pintuco, Te Del Aeropuerto-Belen, Rionegro, Antioquia, Colombia",6.1785955,-75.3687671,"furniture_store,home_improvement_store,home_goods_store,point_of_interest,store,establishment",,,"furniture_store,home_goods_store",,
ChIJx0mdm9mDRo4R_3huICvzc5k,Colchones Paraíso,CLOSED_TEMPORARILY,"Cra. 48, Cl. 66B Sur #27 #, Sabaneta, Antioquia, Colombia",6.1553665,-75.6138442,"home_goods_store,furniture_store,home_improvement_store,point_of_interest,store,establishment",4.3,75,"home_goods_store,furniture_store",,
ChIJxXKK-NspRI4RvzvGe8N6Lm0,Venser,CLOSED_TEMPORARILY,"Cl. 79 #50bb 37, Aranjuez, Medellín, Aranjuez, Medellín, Antioquia, Colombia",6.2732749,-75.5612811,"home_goods_store,point_of_interest,store,establishment",5,2,home_goods_store,,
ChIJyXxEwfaDRo4R9CUFwBR35rQ,TELAS Y AMBIENTES San Lucas,CLOSED_TEMPORARILY,"Cl. 20 Sur #27 -55 Local 157, La Abadia, Medellín, El Poblado, Medellín, Antioquia, Colombia",6.1806414,-75.56826029999999,"home_improvement_store,home_goods_store,point_of_interest,store,establishment",5,3,home_goods_store,,
ChIJ4UQtHLspRI4RIfrxGNhTgko,Movigas Premium,CLOSED_TEMPORARILY,"La Candelaria, Medellin, Antioquia, Colombia",6.241008,-75.57036959999999,"gas_station,point_of_interest,establishment",5,3,gas_station,,
ChIJFVqLLA8pRI4R301JbC91CI4,INVERSIONES OIL S.A,CLOSED_TEMPORARILY,"Cra 87C #31a-45, Medellín, Belén, Medellín, Antioquia, Colombia",6.2330887,-75.6115911,"gas_station,point_of_interest,establishment",,,gas_station,,
ChIJH7FCLI7JRY4R9X4uwRPaBsI,Gasolinera,CLOSED_TEMPORARILY,"Sta. Fe de Antioquia-San Jerónimo, Santa Fé de Antioquia, Antioquia, Colombia",6.5171531,-75.81807359999999,"gas_station,point_of_interest,establishment",4.4,8,gas_station,,
ChIJNaoodG6GRo4RMX5ZM3YV_7U,Zeuss Primavera,CLOSED_TEMPORARILY,"Cra. 50, Caldas, Antioquia, Colombia",6.0699648999999996,-75.6342438,"gas_station,point_of_interest,establishment",4,1,gas_station,,
ChIJT2Z9rm8oRI4RWVqBQF1x11s,Zeuss,CLOSED_TEMPORARILY,"Cl. 51 #1527, Villatina, Buenos Aires, Medellín, Antioquia, Colombia",6.2351503,-75.5416786,"gas_station,point_of_interest,establishment",,,gas_station,,
ChIJJZ-EIFYoRI4RgQzXEOC9w_g,Libreria Rubencho,CLOSED_TEMPORARILY,"14 Local 35, Cra. 48 #49, La Candelaria, Medellín, Antioquia, Colombia",6.2482168,-75.56691599999999,"book_store,point_of_interest,store,establishment",4,1,book_store,,
ChIJRT4plfwpRI4RaA-m34SvNI4,Librería Café Delfos,CLOSED_TEMPORARILY,"Cl. 55 #35-06, Medellín, Villa Hermosa, Medellín, Antioquia, Colombia",6.2464327,-75.5541509,"book_store,point_of_interest,store,establishment",4.8,25,book_store,,
ChIJ-dZ5LIUpRI4RoKlh8Qf1iiA,En las Olas,CLOSED_TEMPORARILY,"C. 49DD #83a 68, Calasanz Parte Alta, Medellín, La América, Medellín, Antioquia, Colombia",6.2628086,-75.602651,"clothing_store,point_of_interest,store,establishment",,,clothing_store,,
ChIJ08W9aGwpRI4RNdvuYj1Nlnc,Modisteria Livari,CLOSED_TEMPORARILY,"050047, Medellín, Robledo, Medellín, Antioquia, Colombia",6.2859362999999995,-75.6041176,"clothing_store,point_of_interest,store,establishment",5,1,clothing_store,,
ChIJ0TieScIpRI4RGF-MvJWO610,Casa Laura - Envigado,CLOSED_TEMPORARILY,"Cra. 43A #38 SUR 31, Zona 8, Envigado, Antioquia, Colombia",6.1702252,-75.5890273,"clothing_store,point_of_interest,store,establishment",4.3,12,clothing_store,,
ChIJ0XOmLNIpRI4R6HR6803ozVI,OXFORD JEANS,CLOSED_TEMPORARILY,"C.C. Arkadia Local 01111, Medellín, Belén, Medellín, Antioquia, Colombia",6.212394,-75.59464299999999,"clothing_store,point_of_interest,store,establishment",4,1,clothing_store,,
ChIJ1_HAHjeDRo4RYrpb2z7VQds,Disfraces americanos Ita vergüí (Halloween),CLOSED_TEMPORARILY,"Cra. 47 #46-74, Villa Paula, Itagüi, Antioquia, Colombia",6.168440299999999,-75.610811,"clothing_store,point_of_interest,store,establishment",4.4,13,clothing_store,,
ChIJ1ejb3DyDRo4RN_G-SmruOnw,TOURSTORE MEDELLÍN,CLOSED_TEMPORARILY,"Distrito de negocios Milla de Oro, Cra. 43A #3 Sur - 130 Local 339, Medellín, Vda. El Penasco, Envigado, Antioquia, Colombia",6.1532614,-75.5380852,"clothing_store,sporting_goods_store,point_of_interest,store,establishment",5,3,clothing_store,,
ChIJ3YktC70pRI4RiuVhVXCduRg,Zamtorino,CLOSED_TEMPORARILY,"Cl. 89b #36c-14, La Salle, Medellín, Manrique, Medellín, Antioquia, Colombia",6.282170799999999,-75.5472638,"clothing_store,point_of_interest,store,establishment",,,clothing_store,,
ChIJ70qDNs4oRI4Rww4i7BIKeG0,Boutique for woman By: Kellin Montoya,CLOSED_TEMPORARILY,"Cl. 2 Sur #51 a -23, Guayabal, Medellín, Guayabal, Medellín, Antioquia, Colombia",6.2061158999999995,-75.5850036,"clothing_store,point_of_interest,store,establishment",,,clothing_store,,
ChIJ79zGwCspRI4R5tds70S94tg,Di Cano Lociones,CLOSED_TEMPORARILY,"Cl 36#63-57, Villalia, Itagüi, Antioquia, Colombia",6.1721911,-75.62888219999999,"clothing_store,point_of_interest,store,establishment",4,3,clothing_store,,
ChIJ7T3a0vqDRo4RvVBypnZGGLo,Agü,CLOSED_TEMPORARILY,"Cra. 29a #36D Sur - 11, Palos de Moguer, Envigado, Antioquia, Colombia",6.1670839,-75.57805540000001,"clothing_store,child_care_agency,point_of_interest,store,establishment",,,clothing_store,,
ChIJ7Xg_8-kpRI4RN-iIbaaDYx4,Mi Cangurito Fulares,CLOSED_TEMPORARILY,"Trav 39, Guayabal, Medellín, Guayabal, Medellín, Antioquia, Colombia",6.205292999999999,-75.594619,"child_care_agency,clothing_store,point_of_interest,store,establishment",5,18,clothing_store,,
ChIJ82ZNhy8pRI4RY5NxiaQeZts,River ropa y accesorios,CLOSED_TEMPORARILY,"Cra. 67a #93-130 101, Castilla, Medellín, Castilla, Medellín, Antioquia, Colombia",6.288429799999999,-75.5726043,"clothing_store,point_of_interest,store,establishment",5,2,clothing_store,,
ChIJA-UoRmEvRI4RGvYtmkDZ60w,Boho Tees,CLOSED_TEMPORARILY,"La Frontera, Medellín, Santa Cruz, Medellin, Antioquia, Colombia",6.302279,-75.5538712,"clothing_store,point_of_interest,store,establishment",,,clothing_store,,
ChIJAQAAAAApRI4RIMSAkAyPnvk,OFFCORSS,CLOSED_TEMPORARILY,"Cl. 16 # 55-129 local 128 CENTRO COMERCIAL OUTLET DMODA, Guayabal, Medellín, Antioquia, Colombia",6.2192297,-75.58350829999999,"clothing_store,point_of_interest,store,establishment",4.4,5,clothing_store,,
ChIJAQAAAAApRI4RMliMrSJx4QI,OFFCORSS,CLOSED_TEMPORARILY,"Carrera 52# 66- 11 Local C.C Aventura CENTRO COMERCIAL AVENTURA, Riachuelos, Medellín, Itagüi, Medellín, Antioquia, Colombia",6.1810021,-75.5997787,"clothing_store,point_of_interest,store,establishment",,,clothing_store,,
ChIJBe7KJ2MpRI4R6LuoL1uDrB4,"Amasd, Medellín, Marquillas y Estampados",CLOSED_TEMPORARILY,"Cl. 81 #80-07 Local 101, Luis Lopez de Mesa, Medellín, Robledo, Medellín, Antioquia, Colombia",6.2857463,-75.5845105,"clothing_store,wholesaler,point_of_interest,store,establishment",5,1,clothing_store,,
ChIJCViGoS2DRo4RB1WV3DyQ6zY,Tienda de ropa minidictos,CLOSED_TEMPORARILY,"Cra 53B ###66b-18, Ferrara y Balcones de Sevilla, Itagüi, Antioquia, Colombia",6.1817927,-75.60208229999999,"clothing_store,point_of_interest,store,establishment",,,clothing_store,,
ChIJCcaY3NuDRo4RGjZHXpaEmZ8,Joy Staz Jeans Mayorca,CLOSED_TEMPORARILY,"Cll 51 sur # 48-57 Centro Comercial Mayorca Etapa 1, Local 331, Sabaneta, Antioquia, Colombia",6.1618172,-75.6055153,"clothing_store,point_of_interest,store,establishment",,,clothing_store,,
ChIJCeKbWYIpRI4RG9PUh0e30Nc,Pez de Río,CLOSED_TEMPORARILY,"Cra. 72 #2 - 24, Laureles - Estadio, Medellín, Laureles, Medellín, Antioquia, Colombia",6.245260099999999,-75.5907778,"clothing_store,point_of_interest,store,establishment",5,4,clothing_store,,
ChIJF-8Qp5ApRI4R8hOZHchG6R0,The Pink Rabbit Design,CLOSED_TEMPORARILY,"Carrera 88 A · 34C - 51, Cra 88A #34c-51, Santa Teresita, Medellín, La América, Medellín, Antioquia, Colombia",6.2439478,-75.61407849999999,"clothing_store,point_of_interest,store,establishment",5,1,clothing_store,,
ChIJHXax_CIlRI4RoTUf1_6ilf4,SOLMARY PERFUERIA COPACABANA Y GIRARDOTA,CLOSED_TEMPORARILY,"Cl. 49 #N 49-41 LOCAL 109, Copacabana, Antioquia, Colombia",6.345998100000001,-75.5072071,"clothing_store,point_of_interest,store,establishment",,,clothing_store,,
ChIJMZ1k2ykoRI4RUklc3IC-rxo,Repeat,CLOSED_TEMPORARILY,"Cra. 36 #5 8A, Medellín, Buenos Aires, Medellín, Antioquia, Colombia",6.2351531,-75.5633496,"clothing_store,point_of_interest,store,establishment",,,clothing_store,,
ChIJMdCcPZGhRo4RfQpiIJ6qpdE,Estampados MARINILLA,CLOSED_TEMPORARILY,"Cl. 30 #38-37, María auxiliadora, Marinilla, Antioquia, Colombia",6.1760896,-75.34019119999999,"clothing_store,point_of_interest,store,establishment",5,8,clothing_store,,
ChIJPeLF4wgpRI4RGOYlmswn3Lw,izel tienda,CLOSED_TEMPORARILY,"Cl. 51 #73-134 local 2393, Laureles - Estadio, Medellín, Laureles, Medellín, Antioquia, Colombia",6.2610274,-75.5897497,"clothing_store,point_of_interest,store,establishment",,,clothing_store,,
ChIJQWVqqoeDRo4Rukc7nqn2Woo,Confecciones LEVAV,CLOSED_TEMPORARILY,"Cl. 63 #61-35, Itagüi, Antioquia, Colombia",6.1817931,-75.6101506,"clothing_store,point_of_interest,store,establishment",4.5,2,clothing_store,,
ChIJQxtt-GIpRI4R85cmKFf_fxI,KEDAJAR,CLOSED_TEMPORARILY,"Cra. 44 Colombia #74-171, El Pomar, Medellín, Manrique, Medellín, Antioquia, Colombia",6.269189700000001,-75.5538371,"clothing_store,point_of_interest,store,establishment",,,clothing_store,,
ChIJRzDEzyAvRI4RJaV7DAYHpNQ,Muñe,CLOSED_TEMPORARILY,"Cra. 76 #107A - 19, Santander, Medellín, Doce de Octubre, Medellín, Antioquia, Colombia",6.305913299999999,-75.5721287,"clothing_store,point_of_interest,store,establishment",3,1,clothing_store,,
ChIJSb_L3TQpRI4Rzp17k_z_4wk,ORIGEN galeria de moda,CLOSED_TEMPORARILY,"Cra. 37 #8a 96 Segundo piso, El Poblado, Medellín, El Poblado, Medellín, Antioquia, Colombia",6.208398,-75.56683579999999,"clothing_store,point_of_interest,store,establishment",,,clothing_store,,
ChIJSdu6tSkoRI4RAZXhnXMo30c,Green Bear,CLOSED_TEMPORARILY,"Cra. 35 #8a-111, El Poblado, Medellín, El Poblado, Medellín, Antioquia, Colombia",6.208449300000001,-75.565786,"shoe_store,clothing_store,point_of_interest,store,establishment",4.3,12,clothing_store,,
ChIJT2MahoeCRo4RS14-pvVSj6o,Ellipse Lingerie Oviedo,CLOSED_TEMPORARILY,"Carrera 43A #6 Sur - 15 Centro Comercial Oviedo, Local 3218, El Poblado, Medellín, Antioquia, Colombia",6.198552599999999,-75.57493989999999,"clothing_store,point_of_interest,store,establishment",5,1,clothing_store,,
ChIJU4kfWdcvRI4RP_8-BDPMA9o,Timón Estampados Y Publicidad,CLOSED_TEMPORARILY,"Cl 32 #50-41, Obrero, Bello, Antioquia, Colombia",6.320119699999999,-75.55768599999999,"clothing_store,point_of_interest,store,establishment",4.7,3,clothing_store,,
ChIJWQsECgApRI4RWOlccLeJJWc,RZ shop,CLOSED_TEMPORARILY,"Cl. 79 #44-85, Campo Valdes II, Medellín, Manrique, Medellín, Antioquia, Colombia",6.2717768,-75.5539963,"clothing_store,point_of_interest,store,establishment",,,clothing_store,,
ChIJWxm4QAApRI4RS6u619AkyOA,VINOTINTA - Thrift Shop,CLOSED_TEMPORARILY,"Cl. 42 #72 - 5, Laureles - Estadio, Medellín, Laureles, Medellín, Antioquia, Colombia",6.247978799999999,-75.5915967,"clothing_store,point_of_interest,store,establishment",5,51,clothing_store,,
ChIJWxqAEnSfRo4RT4G_P5Osh5o,Almacenes Coloso,CLOSED_TEMPORARILY,"Cl. 48 #49, 13Rionegro, Rionegro, Antioquia, Colombia",6.152398499999999,-75.3737182,"clothing_store,point_of_interest,store,establishment",5,1,clothing_store,,
ChIJX2jxiGEpRI4Rke8pQTlZoeI,Breathe Medellin,CLOSED_TEMPORARILY,"Carrera 37 # 10-35 Estudio 305, El Poblado, Medellin, Antioquia, Colombia",6.209560499999999,-75.5667138,"clothing_store,point_of_interest,store,establishment",4.9,15,clothing_store,,
ChIJX8OpJDSjRo4R0iQ1jrfS1EI,MEGA PUNTO,CLOSED_TEMPORARILY,"Carrera 31 Nª 20 - 15, El Carmen de Viboral, Antioquia, Colombia",6.0753687,-75.33205029999999,"clothing_store,point_of_interest,store,establishment",,,clothing_store,,
ChIJXVOukxaDRo4RD9lrwpWjTKo,PinkZombie,CLOSED_TEMPORARILY,"Cl. 4 Sur # 48 110, El Poblado, Medellín, El Poblado, Medellín, Antioquia, Colombia",6.2043462,-75.57796309999999,"clothing_store,point_of_interest,store,establishment",,,clothing_store,,
ChIJYW5NsR8pRI4RGo6uUQQjHDE,Confecciones SL,CLOSED_TEMPORARILY,"Cra. 46A #85 - 08, Aranjuez, Medellín, Aranjuez, Medellín, Antioquia, Colombia",6.2773905999999995,-75.5548136,"clothing_store,point_of_interest,store,establishment",,,clothing_store,,
ChIJYX4IksMpRI4RGlyXK9MfDAQ,Peach by Melisa Palacio,CLOSED_TEMPORARILY,"Cra. 80 #35 - 5, Laureles - Estadio, Medellín, Laureles, Medellín, Antioquia, Colombia",6.242941,-75.6002586,"clothing_store,point_of_interest,store,establishment",5,5,clothing_store,,
ChIJZYgluL4pRI4Rsk5pJ3_6gWs,Bordado Sublime,CLOSED_TEMPORARILY,"Cra. 28a #71 Bb 66, Versalles II, Medellín, Manrique, Medellín, Antioquia, Colombia",6.2673708999999995,-75.54205520000001,"clothing_store,point_of_interest,store,establishment",,,clothing_store,,
ChIJgzF9myufRo4R7c5JQhIilF8,Boutique Maria Fanny,CLOSED_TEMPORARILY,"Centro Comercial La Convención, Cl. 49 #48-63 Local 129, Rionegro, Antioquia, Colombia",6.1527727,-75.373027,"clothing_store,point_of_interest,store,establishment",5,5,clothing_store,,
ChIJl89JY0MpRI4RlU9kTC8AJw4,MON & VELARDE LAURELES,CLOSED_TEMPORARILY,"Cq. 2 # 72-44, Laureles - Estadio, Medellín, Laureles, Medellín, Antioquia, Colombia",6.2448757,-75.5912816,"clothing_store,point_of_interest,store,establishment",5,1,clothing_store,,
ChIJl8ajisGBRo4RABfF9MdptZU,UPA Tienda Infantil y Familiar,CLOSED_TEMPORARILY,"San Antonio De Prado, Cra. 80 # 42 sur 12, San Antonio de Prado, Medellín, San Antonio de Prado, Medellín, Antioquia, Colombia",6.1846121,-75.6567496,"clothing_store,point_of_interest,store,establishment",,,clothing_store,,
ChIJl9W4SfopRI4RR7_SYudpyJE,Desatín,CLOSED_TEMPORARILY,"Cq. 2 #72-32, Laureles - Estadio, Medellín, Laureles, Medellín, Antioquia, Colombia",6.2448519,-75.59130429999999,"clothing_store,point_of_interest,store,establishment",5,2,clothing_store,,
ChIJm_-p2xkpRI4RoRt90Dv5FZQ,Minoti Premium Plaza,CLOSED_TEMPORARILY,"Centro Comercial Premium Plaza, La Candelaria, Medellín, La Candelaria, Medellín, Antioquia, Colombia",6.228946,-75.5708693,"clothing_store,point_of_interest,store,establishment",5,5,clothing_store,,
ChIJmcXAYwCDRo4RAlzLeYW-CYU,stop jeans,CLOSED_TEMPORARILY,"Loc.288, Calle 36DS, Quintas de La Serrania, Envigado, Antioquia, Colombia",6.163659399999999,-75.57327149999999,"clothing_store,point_of_interest,store,establishment",4.6,8,clothing_store,,
ChIJp3OJBlMpRI4RyEylW6y4hmw,Livenza Lingerie,CLOSED_TEMPORARILY,"Cra. 25, El Poblado, Medellín, El Poblado, Medellín, Antioquia, Colombia",6.1860478,-75.5619676,"clothing_store,point_of_interest,store,establishment",4.8,8,clothing_store,,
ChIJpa7kKHwvRI4RCGBOg80hUS8,Felinas,CLOSED_TEMPORARILY,"Av. 37b #63_23, Hermosa Provincia, Bello, Antioquia, Colombia",6.3453121999999995,-75.5456042,"clothing_store,point_of_interest,store,establishment",5,1,clothing_store,,
ChIJqQxuUTIpRI4RAyFeefDj8Lg,OXFORD JEANS,CLOSED_TEMPORARILY,"C.C. Premium Plaza, Local 1557, La Candelaria, Medellín, La Candelaria, Medellín, Antioquia, Colombia",6.2300147,-75.5702649,"clothing_store,point_of_interest,store,establishment",,,clothing_store,,
ChIJr-2FIAopRI4RodL3r9RjlW8,Violeta by MANGO,CLOSED_TEMPORARILY,"Cra 43 A No 7 Sur 170 local 1096, La Candelaria, Medellín, Antioquia, Colombia",6.253040800000001,-75.5645737,"clothing_store,point_of_interest,store,establishment",,,clothing_store,,
ChIJu9jHkMgvRI4RzGdtK0LHVlM,Ahao Luxury,CLOSED_TEMPORARILY,"Cl. 59A #68-59, Valadares, Bello, Antioquia, Colombia",6.344059,-75.572797,"clothing_store,point_of_interest,store,establishment",4,1,clothing_store,,
ChIJv-l4dyEvRI4RyUnoJYfGTyo,abc store,CLOSED_TEMPORARILY,"Cl. 71 #63-9, Villa del Sol, Bello, Antioquia, Colombia",6.350269399999999,-75.56619289999999,"clothing_store,point_of_interest,store,establishment",,,clothing_store,,
ChIJwY19SCwpRI4R2kSacMwT7X8,Manzur Cycling Medellín,CLOSED_TEMPORARILY,"Centro Comercial Obelisco, Cra. 74 #48-37 local 243, Laureles - Estadio, Medellín, Laureles, Medellín, Antioquia, Colombia",6.2573039999999995,-75.59202719999999,"sporting_goods_store,clothing_store,point_of_interest,store,establishment",,,clothing_store,,
ChIJwebRJ2ODRo4RkOXJHxdpS7s,Vélez Outlet - Central Mayorista de Antioquia,CLOSED_TEMPORARILY,"Central Mayorista de Antioquia, bloque Naranja, piso 2, Itagüi, Antioquia, Colombia",6.1895441,-75.5897384,"clothing_store,point_of_interest,store,establishment",,,clothing_store,,
ChIJx7ll_kyCRo4RbLyeRxd2Edo,MI PEQUEÑO EXPLORADOR ( TIENDA VIRTUAL DE BEBES Y NIÑOS),CLOSED_TEMPORARILY,"Cl 45A Sur # 39 b, Zona 7, Envigado, Antioquia, Colombia",6.1601675,-75.5901343,"child_care_agency,clothing_store,point_of_interest,health,store,establishment",4,1,clothing_store,,
ChIJxUo-ew0pRI4RUOkRUfBarXI,BHK Medellín,CLOSED_TEMPORARILY,"Cra 77C #48-99, Laureles - Estadio, Medellín, Laureles, Medellín, Antioquia, Colombia",6.2593852,-75.5952203,"clothing_store,point_of_interest,store,establishment",4.5,27,clothing_store,,
ChIJ20t653cpRI4RzusuzGTEFOE,TecnyCell La Castellana,CLOSED_TEMPORARILY,"Cl 34C #81-60, Simón Bolívar, Medellín, Laureles, Medellín, Antioquia, Colombia",6.2426501,-75.6035093,"electronics_store,point_of_interest,store,establishment",5,1,electronics_store,,
ChIJYzhUuaEpRI4R8_TGo2bCSe8,DMA Informatico,CLOSED_TEMPORARILY,"Cl 35A #86-50 Apto 402, Santa Teresita, Medellín, La América, Medellín, Antioquia, Colombia",6.2446325,-75.6111629,"electronics_store,point_of_interest,store,establishment",,,electronics_store,,
ChIJ-UKRc-cpRI4Rg-YPtnZUibM,BullBox Laureles,CLOSED_TEMPORARILY,"Cq. 2 #73- 29, Laureles - Estadio, Medellín, Laureles, Medellín, Antioquia, Colombia",6.244074299999999,-75.591822,"gym,sports_activity_location,point_of_interest,health,establishment",4.9,105,gym,,
ChIJI00l7aMpRI4R4ibUo32hgls,On Training Club,CLOSED_TEMPORARILY,"Cq. 2 #74-43, Laureles - Estadio, Medellín, Laureles, Medellín, Antioquia, Colombia",6.2430677,-75.59238119999999,"gym,sports_activity_location,point_of_interest,health,establishment",5,1,gym,,
ChIJMUwpXHUpRI4RUnZhDy1SvB8,Capital Fit Gym,CLOSED_TEMPORARILY,"Av. Nutibara #39-187, Laureles - Estadio, Medellín, Laureles, Medellín, Antioquia, Colombia",6.2494625,-75.5995445,"gym,sports_activity_location,point_of_interest,health,establishment",4.6,145,gym,,
ChIJe55SFZSfRo4R78SU7siaFXY,Centro holistico Despertar para sanar,CLOSED_TEMPORARILY,"054030, Alto de las garzonas, El Carmen de Viboral, La Victoria, El Carmen de Viboral, Antioquia, Colombia",6.1242686,-75.3517537,"yoga_studio,fitness_center,gym,sports_complex,sports_activity_location,point_of_interest,health,establishment",5,1,gym,,
ChIJo_Td5t4pRI4RaPJ7-IkorBA,Energy Fitness Center,CLOSED_TEMPORARILY,"Cra. 84 #79-115, El Diamante, Medellín, Robledo, Medellín, Antioquia, Colombia",6.2837542,-75.58495769999999,"gym,health,sports_activity_location,point_of_interest,establishment",4.8,13,gym,,
ChIJ-5ipqkMpRI4R0OF_5pOIPv0,Las Originals - Salchipapas & Fast Food,CLOSED_TEMPORARILY,"La Pola, Robledo, Medellin, Antioquia, Colombia",6.2783676999999996,-75.5983897,"meal_delivery,fast_food_restaurant,food_delivery,restaurant,point_of_interest,food,establishment",5,4,"meal_delivery,restaurant",,
ChIJ-8obRvmDRo4RgwvlGjeTkqg,Gourmet,CLOSED_TEMPORARILY,"Cl. 3b Sur #29c-86, El Poblado, Medellín, El Poblado, Medellín, Antioquia, Colombia",6.1967281,-75.5633386,"meal_delivery,food_delivery,point_of_interest,food,establishment",4.8,69,meal_delivery,,
ChIJ01TzWpspRI4R5GgHvTMtCgY,Sazon Burguer,CLOSED_TEMPORARILY,"Cl 10 #20_100, La Ceja, Medellín, Belén, Medellín, Antioquia, Colombia",6.2179343,-75.5942898,"meal_delivery,food_delivery,point_of_interest,food,establishment",,,meal_delivery,,
ChIJ564iKJopRI4R6gB5llssunI,Desde casa y Como en Casa,CLOSED_TEMPORARILY,"Cl. 92CC #67-39, Francisco Zea, Medellín, Castilla, Medellín, Antioquia, Colombia",6.2853107,-75.5737413,"meal_delivery,food_delivery,food,point_of_interest,establishment",4.9,25,meal_delivery,,
ChIJ5V0z4dkpRI4RgRm5zlHMttA,Wunuyė Dark kitchen,CLOSED_TEMPORARILY,"Cl. 73 #69-16, Bosques De San Pablo, Pilarica, Medellín, Robledo, Medellín, Antioquia, Colombia",6.273433499999999,-75.5801403,"meal_delivery,food_delivery,point_of_interest,food,establishment",,,meal_delivery,,
ChIJ6SEiyXIpRI4Raq8JP5O6bTc,Pizzeria Boca a Boca,CLOSED_TEMPORARILY,"Av. 80 #47-63, Los Pinos, Medellín, La América, Medellín, Antioquia, Colombia",6.2579251,-75.598106,"pizza_restaurant,meal_delivery,food_delivery,meal_takeaway,restaurant,food,point_of_interest,establishment",5,416,"meal_delivery,meal_takeaway,restaurant",,
ChIJ7TelcCMvRI4RTyufdN87xnM,Yz Dogger,CLOSED_TEMPORARILY,"Cl. 20f # 76-120, Paris, Bello, Antioquia, Colombia",6.3133585,-75.5826026,"meal_delivery,food_delivery,restaurant,point_of_interest,food,establishment",4,4,"meal_delivery,restaurant",,
ChIJ7xoOeQApRI4RLs9npYs4tJ0,Deli papas los Alpes,CLOSED_TEMPORARILY,"Parque de los Alpes, al frente de la iglesia católica, Parque, Medellín, Belén, Medellín, Antioquia, Colombia",6.2309152,-75.60764979999999,"meal_delivery,fast_food_restaurant,food_delivery,restaurant,point_of_interest,food,establishment",5,23,"meal_delivery,restaurant",,
ChIJ9fqV2ISHRo4R-pT4A68gdpk,Las Gardelitas,CLOSED_TEMPORARILY,"Cl. 134 Sur #46-54, Caldas, Antioquia, Colombia",6.088275599999999,-75.6336615,"meal_delivery,food_delivery,point_of_interest,food,establishment",5,6,meal_delivery,,
ChIJA2dqL4cpRI4RGQqMiBLucKw,Chifast Medellín,CLOSED_TEMPORARILY,"Cra. 82 #34b-16, Simón Bolívar, Medellín, Laureles, Medellín, Antioquia, Colombia",6.242384299999999,-75.60428189999999,"meal_delivery,food_delivery,event_venue,restaurant,point_of_interest,food,establishment",5,7,"meal_delivery,restaurant",,
ChIJB7F58YooRI4RPs40m0bW1q4,HELIOS ICE & GRILL,CLOSED_TEMPORARILY,"Cl. 57, Medellín, Villa Hermosa, Medellín, Antioquia, Colombia",6.246255199999999,-75.5520872,"ice_cream_shop,dog_cafe,meal_delivery,food_delivery,dessert_shop,confectionery,food_store,restaurant,point_of_interest,health,store,food,establishment",4.1,41,"meal_delivery,restaurant",,
ChIJE3png0KDRo4Ry6cNPlMgvIU,¡Qué Paellas!,CLOSED_TEMPORARILY,"Cl. 65 Sur #42B 31, Alto Las Flores, Sabaneta, Antioquia, Colombia",6.1513974,-75.6114831,"meal_delivery,food_delivery,food,point_of_interest,establishment",,,meal_delivery,,
ChIJGS5P6EKXRo4R3vniG5Bp9oc,Hamburguesas en La Ceja Antioquia | Qsollados,CLOSED_TEMPORARILY,"Cra. 18 #10-72 Local 104, La Ceja, Antioquia, Colombia",6.0234095,-75.4317901,"hamburger_restaurant,meal_delivery,fast_food_restaurant,food_delivery,american_restaurant,restaurant,point_of_interest,food,establishment",4.8,24,"meal_delivery,restaurant",,
ChIJI_nFrg0pRI4RJlxIu9r2pzU,ALIBENTTO,CLOSED_TEMPORARILY,"Cl. 18B #80b, Medellín, Belén, Medellín, Antioquia, Colombia",6.2241177,-75.60201769999999,"restaurant,meal_delivery,food_delivery,meal_takeaway,point_of_interest,food,establishment",5,4,"restaurant,meal_delivery,meal_takeaway",,
ChIJJ1hXLf4pRI4Rq56rETV_wEU,Las delicias de maro,CLOSED_TEMPORARILY,"Cra. 41 #65-44, Medellín, Villa Hermosa, Medellín, Antioquia, Colombia",6.2583692,-75.5535869,"meal_delivery,food_delivery,point_of_interest,food,establishment",5,3,meal_delivery,,
ChIJJcpQpD6hRo4RGQlOL46VD10,PATACONESDEPAULITA,CLOSED_TEMPORARILY,"Marinilla, Antioquia, Colombia",6.173506,-75.33466709999999,"meal_delivery,food_delivery,food,point_of_interest,establishment",,,meal_delivery,,
ChIJJf96ri0oRI4RoCg9E_FlqgA,Artigiani Restaurante,CLOSED_TEMPORARILY,"Cra. 43B #14 54, El Poblado, Medellín, El Poblado, Medellín, Antioquia, Colombia",6.2153081,-75.57075499999999,"italian_restaurant,meal_delivery,food_delivery,restaurant,point_of_interest,food,establishment",4.8,449,"meal_delivery,restaurant",,
ChIJK1tU6BmDRo4Rwoi-ksq6eKE,El Rincón Del Tamal | Venta de Tamales en Sabaneta,CLOSED_TEMPORARILY,"Edificio Loma Linda, Cl. 70 Sur #38 - 305, Sabaneta, Antioquia, Colombia",6.149498599999999,-75.6138801,"meal_delivery,food_delivery,point_of_interest,food_store,food,store,establishment",4.9,140,meal_delivery,,
ChIJL3U7XkuBRo4RaTzlqn6_Izg,La Galgueria By Sebastian Palacios Cocina,CLOSED_TEMPORARILY,"mall galaxia, Cra. 48 #52 2 Local 204, Rionegro, Antioquia, Colombia",6.1552935,-75.3719644,"hamburger_restaurant,meal_delivery,vegetarian_restaurant,food_delivery,american_restaurant,restaurant,point_of_interest,food,establishment",4.1,7,"meal_delivery,restaurant",,
ChIJO7OiydeDRo4RmcS042uzjhU,Sabor de mi tierra,CLOSED_TEMPORARILY,"Cl. 40 Sur #23a - 44, Envigado, Antioquia, Colombia",6.1422519,-75.5739646,"meal_delivery,food_delivery,point_of_interest,food,establishment",,,meal_delivery,,
ChIJOzG0I_wpRI4RgpGSzSRrj8Y,Restaurante La Calle Cocina Inspirada en Colombia,CLOSED_TEMPORARILY,"Cq. 4 #71 18, Laureles - Estadio, Medellín, Laureles, Medellín, Antioquia, Colombia",6.2465079,-75.5905985,"meal_delivery,food_delivery,restaurant,point_of_interest,food,establishment",4.5,77,"meal_delivery,restaurant",,
ChIJP97HATIpRI4ROEtlCztmiXM,Doña Ilda,CLOSED_TEMPORARILY,"Atendemos por redes, Altamira, Medellín, Robledo, Medellín, Antioquia, Colombia",6.2826184,-75.58321959999999,"meal_delivery,dessert_restaurant,food_delivery,restaurant,point_of_interest,food,establishment",4.5,6,"meal_delivery,restaurant",,
ChIJPWRtSbIpRI4RN5MqGghr9L4,Burger & Grill,CLOSED_TEMPORARILY,"Av. 35 #55-128, Hermosa Provincia, Bello, Antioquia, Colombia",6.341497800000001,-75.5431205,"hamburger_restaurant,meal_delivery,food_delivery,american_restaurant,restaurant,food,point_of_interest,establishment",3,1,"meal_delivery,restaurant",,
ChIJRx2Xpx2fRo4R49h0eWXCIPk,Xtreme Wings Rionegro Puedes ubicarnos en el punto de venta del sector UCO (Punto De Venta Porvenir Cerrado Temporalmente),CLOSED_TEMPORARILY,"4JXJ+MQ, Rionegro, Antioquia, Colombia",6.1479574,-75.3857898,"fast_food_restaurant,meal_delivery,food_delivery,restaurant,food,point_of_interest,establishment",4.2,139,"meal_delivery,restaurant",,
ChIJV63FxeuDRo4RiN7vBhCVlW4,Fresco,CLOSED_TEMPORARILY,"Cra. 36 #7-18, El Poblado, Medellín, El Poblado, Medellín, Antioquia, Colombia",6.2067438,-75.5661142,"meal_delivery,juice_shop,vegan_restaurant,vegetarian_restaurant,food_delivery,restaurant,point_of_interest,food,establishment",4.8,73,"meal_delivery,restaurant",,
ChIJVY_z7geDRo4RY9p7xnx_icU,Pizzas Il Fratello,CLOSED_TEMPORARILY,"carrera 79, Cl. 9 Sur #50, La Hondonada, Medellín, Belén, Medellín, Antioquia, Colombia",6.202584100000001,-75.6012339,"meal_delivery,food_delivery,food,point_of_interest,establishment",,,meal_delivery,,
ChIJZ3H9A2WDRo4RqCDb98kqgZU,Get & Share Nutrition,CLOSED_TEMPORARILY,"Cra. 46B #72 Sur-18, Sabaneta, Antioquia, Colombia",6.1522333,-75.6181842,"restaurant,meal_delivery,fast_food_restaurant,food_delivery,grocery_store,food_store,point_of_interest,health,store,food,establishment",4.9,152,"restaurant,meal_delivery,grocery_store",,
ChIJb-iZdxcpRI4RQZpQuJGmBP0,"Arepas de queso ""El Chamo""",CLOSED_TEMPORARILY,"Cra. 117e #63c-28 a 63c-108, Santa Margarita, Medellín, San Cristóbal, Medellín, Antioquia, Colombia",6.2811828,-75.6193722,"meal_delivery,food_delivery,food,point_of_interest,establishment",,,meal_delivery,,
ChIJbZbCw7EpRI4R0MDIcV1OtKI,EMPANADAS LAS DE 8@,CLOSED_TEMPORARILY,"Cra. 65D #25b45, Laureles - Estadio, Medellín, Laureles, Medellín, Antioquia, Colombia",6.242128800000001,-75.5835968,"meal_delivery,food_delivery,point_of_interest,food,establishment",,,meal_delivery,,
ChIJbc-SWbODRo4RZ59dsGV6G1E,Ragazzi - Envigado,CLOSED_TEMPORARILY,"Cl. 40H Sur #42a 32, Zona 7, Envigado, Antioquia, Colombia",6.1668696,-75.5907586,"restaurant,pizza_restaurant,pub,meal_delivery,catering_service,food_delivery,bar,meal_takeaway,italian_restaurant,point_of_interest,food,establishment",4.5,750,"restaurant,meal_delivery,bar,meal_takeaway",,
ChIJha_-PSIpRI4RORgjM64Yfcs,Kalepa Postres,CLOSED_TEMPORARILY,"Cl. 84 #88 - 27, Aures II, Medellín, Robledo, Medellín, Antioquia, Colombia",6.2898027999999995,-75.5871549,"dessert_shop,confectionery,food_store,meal_delivery,food_delivery,food,point_of_interest,store,establishment",,,meal_delivery,,
ChIJhbdRCbopRI4R0ZSnGvxv2Ys,Productos Aragonesa,CLOSED_TEMPORARILY,"Cl. 32F #65 A - 28, Medellín, Belén, Medellín, Antioquia, Colombia",6.2389472,-75.5838089,"bakery,fast_food_restaurant,meal_delivery,food_delivery,dessert_shop,confectionery,food_store,restaurant,food,point_of_interest,store,establishment",4.4,126,"bakery,meal_delivery,restaurant",,
ChIJk0RJ4pspRI4R2CK34_0nlDY,Torreón Restaurante Bar,CLOSED_TEMPORARILY,"Av. 80 #53A-66, Laureles - Estadio, Medellín, Laureles, Medellín, Antioquia, Colombia",6.2681648,-75.5954722,"bar_and_grill,meal_delivery,food_delivery,bar,restaurant,food,point_of_interest,establishment",5,4,"meal_delivery,bar,restaurant",,
ChIJkwt_SP-BRo4RKvuzqaxPQBw,Asados Grill (De Ostos),CLOSED_TEMPORARILY,"59F9+V6, Itagüí, Antioquia, Colombia",6.1746875,-75.63193749999999,"meal_delivery,food_delivery,point_of_interest,food,establishment",,,meal_delivery,,
ChIJlfmd0ykoRI4Ro2Kg_Jn0lu4,The Chocolate House,CLOSED_TEMPORARILY,"Cl. 8 #34-33, El Poblado, Medellín, El Poblado, Medellín, Antioquia, Colombia",6.2073583999999995,-75.5654321,"chocolate_shop,dessert_restaurant,meal_delivery,food_delivery,candy_store,dessert_shop,confectionery,restaurant,point_of_interest,food_store,food,store,establishment",4.5,1715,"meal_delivery,restaurant",,
ChIJpyBLcFmfRo4Rn1AtNvTjvh4,Fuego Sagrado,CLOSED_TEMPORARILY,"Rionegro, Antioquia, Colombia",6.1279183999999995,-75.3816858,"hamburger_restaurant,meal_delivery,fast_food_restaurant,food_delivery,american_restaurant,restaurant,point_of_interest,food,establishment",4.7,25,"meal_delivery,restaurant",,
ChIJrSbZO4QpRI4Rws7AlErVGME,🇮🇹 BCM Medellín - Bòya Ch'la Mòla 🇨🇴,CLOSED_TEMPORARILY,"Av. 33 #64-54, Laureles - Estadio, Medellín, Laureles, Medellín, Antioquia, Colombia",6.239704799999999,-75.581158,"pizza_restaurant,meal_delivery,food_delivery,meal_takeaway,italian_restaurant,restaurant,point_of_interest,food,establishment",4.9,110,"meal_delivery,meal_takeaway,restaurant",,
ChIJrYXwPzmDRo4RhcWRBnT8S9Q,Arepalandia Envigado,CLOSED_TEMPORARILY,"Cl. 44 Sur #43a-29 int 201, Zona 8, Envigado, Antioquia, Colombia",6.1655282,-75.5943145,"meal_delivery,food_delivery,point_of_interest,food,establishment",5,8,meal_delivery,,
ChIJt0M9ZNGjRo4Re63GDYY7lYg,Los Combos del Carmen,CLOSED_TEMPORARILY,"Cl. 31 #29-19, El Carmen de Viboral, Antioquia, Colombia",6.0840283,-75.3345969,"meal_delivery,food_delivery,food,point_of_interest,establishment",,,meal_delivery,,
ChIJu8SzRkuXRo4R4XG5GPhy7K8,La Parrilla de Villa,CLOSED_TEMPORARILY,"Barrio La Aldea, Carrera 20 #07 - 04, La Ceja, Antioquia, Colombia",6.0208604999999995,-75.433696,"restaurant,shopping_mall,bar_and_grill,meal_delivery,food_delivery,bar,food,point_of_interest,establishment",4.4,176,"restaurant,meal_delivery,bar",,
ChIJxwvbljORRo4RTxPgq8EScTo,Son Cubanos Sanduches - La Ceja,CLOSED_TEMPORARILY,"Cra. 22 #13 - 17, La Ceja, Antioquia, Colombia",6.0259363,-75.4346734,"fast_food_restaurant,meal_delivery,sandwich_shop,food_delivery,restaurant,point_of_interest,food,establishment",4.7,31,"meal_delivery,restaurant",,
ChIJy2AvCgMvRI4R_34BjkkAC5k,The Crepesuda,CLOSED_TEMPORARILY,"Cl. 63a #60-28 302, Goretti, Bello, Antioquia, Colombia",6.3455715999999995,-75.5645072,"meal_delivery,food_delivery,food,point_of_interest,establishment",,,meal_delivery,,
ChIJzTfHNXspRI4Roz6EG5zvKLU,Empanadas Bocadito,CLOSED_TEMPORARILY,"Cra. 53a #10 c sur - 09, Guayabal, Medellín, Guayabal, Medellín, Antioquia, Colombia",6.1993833,-75.5910686,"fast_food_restaurant,meal_delivery,food_delivery,restaurant,point_of_interest,food,establishment",5,13,"meal_delivery,restaurant",,
ChIJRxvsjlQpRI4Ru8nb8iuTG1c,Seria rooftop,CLOSED_TEMPORARILY,"Cl 11A #43d 117, El Poblado, Medellín, El Poblado, Medellín, Antioquia, Colombia",6.2132387,-75.5728507,"meal_takeaway,restaurant,food,point_of_interest,establishment",,,"meal_takeaway,restaurant",,
ChIJzbwzUHMpRI4RQw2UOS5SYJI,El Chapulín,CLOSED_TEMPORARILY,"Sabaneta, Antioquia, Colombia",6.150692599999999,-75.62106589999999,"restaurant,mexican_restaurant,meal_takeaway,food,point_of_interest,establishment",5,46,"restaurant,meal_takeaway",,
ChIJzyRrEcGBRo4RF4g3mOVCizw,Arroz chino mimilan,CLOSED_TEMPORARILY,"Cl. 54A Sur #54e-03, Monte Alto, Medellín, San Antonio de Prado, Medellín, Antioquia, Colombia",6.1759148999999995,-75.6359473,"meal_takeaway,restaurant,point_of_interest,food,establishment",1,1,"meal_takeaway,restaurant",,
ChIJ1w4dkekpRI4R4mNmQUpSRlk,Faura,CLOSED_TEMPORARILY,"Av. 80 #15-187, Medellín, Belén, Medellín, Antioquia, Colombia",6.224812399999999,-75.5996286,"vegetarian_restaurant,bakery,food_store,restaurant,point_of_interest,store,food,establishment",4.8,66,"bakery,restaurant",,
ChIJ1yVr0KSDRo4RSO7f_kz7zds,Victoria's Donuts,CLOSED_TEMPORARILY,"Cl. 53 #53 - 10, Fatima, Itagüi, Antioquia, Colombia",6.175241100000001,-75.6084121,"donut_shop,bakery,food_store,food,point_of_interest,store,establishment",5,2,bakery,,
ChIJ5Wb9N98pRI4RdxN2GZUncYo,Andy's Waffles,CLOSED_TEMPORARILY,"Edificio Nuevo Oriente, Cl. 49 #39-16, La Candelaria, Medellín, La Candelaria, Medellín, Antioquia, Colombia",6.244779299999999,-75.56013550000002,"brunch_restaurant,dessert_restaurant,bakery,wholesaler,food_store,restaurant,point_of_interest,store,food,establishment",5,5,"bakery,restaurant",,
ChIJ8Y9hJVCDRo4RGECtekrqRaA,Half Baked,CLOSED_TEMPORARILY,"Cl. 7 #35-44, El Poblado, Medellín, El Poblado, Medellín, Antioquia, Colombia",6.2064357999999995,-75.5658747,"ice_cream_shop,coffee_shop,bakery,cafe,dessert_shop,confectionery,point_of_interest,food_store,food,store,establishment",4.1,23,"coffee_shop,bakery,cafe",,
ChIJEer8Pi6jRo4RL3xzyb75SY4,Tortas Asmary,CLOSED_TEMPORARILY,"Cra. 31 #43-71, El Carmen de Viboral, Antioquia, Colombia",6.0922493,-75.3383654,"bakery,food_store,food,point_of_interest,wholesaler,store,establishment",,,bakery,,
ChIJGU1GLjUpRI4R3twNQF226Bg,NANA CAKES Y PASTELES,CLOSED_TEMPORARILY,"Cra. 36 #40 AA SUR 13, Zona 6, Envigado, Antioquia, Colombia",6.1642703,-75.5853188,"bakery,wholesaler,point_of_interest,food_store,food,store,establishment",,,bakery,,
ChIJHT47CTEoRI4Ru0kvltVnZJg,Deli Repostería,CLOSED_TEMPORARILY,"Carrera 38 # 18 - 101, Mall Palmagrande, Local 0167, Asomadera, El Poblado, Medellín, Antioquia, Colombia",6.2204953,-75.56653949999999,"bakery,wholesaler,point_of_interest,food_store,food,store,establishment",4.8,5,bakery,,
ChIJIT7yxQQpRI4R-fL4ZlJwGP4,CUCAS Y COCADAS W,CLOSED_TEMPORARILY,"Cra. 24b #59B - 58, Medellín, Villa Hermosa, Medellín, Antioquia, Colombia",6.2521885,-75.54783189999999,"bakery,food_store,food,point_of_interest,store,establishment",4.9,24,bakery,,
ChIJIdAsCK0pRI4RoFf217hXXOs,Panaderia Aragonesa N*2,CLOSED_TEMPORARILY,"Cl. 32F #65 A - 28, Medellín, Belén, Medellín, Antioquia, Colombia",6.2390118999999995,-75.5836984,"bakery,fast_food_restaurant,restaurant,point_of_interest,food_store,food,store,establishment",4,1,"bakery,restaurant",,
ChIJNZd29V0pRI4RnqIJ1_hMhwY,Mali Pan Pasteles,CLOSED_TEMPORARILY,"cra 80, Cl. 29, Medellín, Belén, Medellín, Antioquia, Colombia",6.2301078,-75.6021909,"bakery,dessert_shop,confectionery,point_of_interest,food_store,food,store,establishment",,,bakery,,
ChIJPVKdsYQpRI4RFcOH08mzeP4,Pan Dorado,CLOSED_TEMPORARILY,"Cl. 35, Santa Teresita, Medellín, La América, Medellín, Antioquia, Colombia",6.24363,-75.60979110000001,"bakery,point_of_interest,food_store,food,store,establishment",4.4,198,bakery,,
ChIJU-ZnVBApRI4Rir4xYEP1Eys,Panadería Artesanal Peter & Pan,CLOSED_TEMPORARILY,"Av. 80 # 30 a 105, Medellín, Belén, Medellín, Antioquia, Colombia",6.2330647,-75.6023424,"bakery,food_store,food,point_of_interest,store,establishment",,,bakery,,
ChIJU5Tlc7ApRI4RDb_v81IM2W4,Milo's Cake,CLOSED_TEMPORARILY,"Cra. 65D #32c 3, Medellín, Belén, Medellín, Antioquia, Colombia",6.2370459,-75.5854269,"bakery,food_store,food,point_of_interest,store,establishment",5,7,bakery,,
ChIJXQBSNPKTRo4RtFgaiISVcdw,Cafetería otra parte,CLOSED_TEMPORARILY,"Cra. 19 #19-28, Montebello, Antioquia, Colombia",5.945521299999999,-75.523726,"bakery,point_of_interest,food_store,food,store,establishment",,,bakery,,
ChIJY1SYrh0pRI4RanpDluQi8ww,La Fabryka,CLOSED_TEMPORARILY,"Cl. 12 #43b-26, El Poblado, Medellín, El Poblado, Medellín, Antioquia, Colombia",6.2133693999999995,-75.5707956,"bakery,point_of_interest,food_store,food,store,establishment",4.9,64,bakery,,
ChIJYTd8FRYpRI4RU5v6nYqwZrU,Lala's Cafe,CLOSED_TEMPORARILY,"Cl 11A #43B-68 Local 3, El Poblado, Medellín, El Poblado, Medellín, Antioquia, Colombia",6.2128581,-75.5710459,"cafe,bakery,bar,wholesaler,point_of_interest,food_store,food,store,establishment",4.9,116,"cafe,bakery,bar",,
ChIJZ9GPnIAnRI4RyRG-TnD9RGU,Panadería La Mosquita,CLOSED_TEMPORARILY,"Vereda La Majala, Guarne, Antioquia, Colombia",6.207076799999999,-75.4396897,"bakery,food_store,point_of_interest,store,food,establishment",,,bakery,,
ChIJjyu-98spRI4R_WNWHA4XujQ,Elementos Bakery,CLOSED_TEMPORARILY,"Cl. 43 # 36 - 14, El Salvador, Medellín, Buenos Aires, Medellín, Antioquia, Colombia",6.239810500000001,-75.55915139999999,"bakery,food_store,food,point_of_interest,store,establishment",4.4,7,bakery,,
ChIJl0N2rfaCRo4RchpaKJJUi-Q,Deli Repostería,CLOSED_TEMPORARILY,"Calle 20 Sur # 27 -55, Mall San Lucas Plaza, Local 149, San Lucas, El Poblado, Medellín, Antioquia, Colombia",6.1808293,-75.5683799,"bakery,wholesaler,food_store,point_of_interest,store,food,establishment",4.8,6,bakery,,
ChIJuYDq6r8pRI4RwvkMTPcgcfQ,"Croissantí Brunch, Bakery & Café",CLOSED_TEMPORARILY,"Cl 38 #75 06, Laureles - Estadio, Medellín, Laureles, Medellín, Antioquia, Colombia",6.245302100000001,-75.5975231,"brunch_restaurant,coffee_shop,breakfast_restaurant,cafe,bakery,food_store,restaurant,point_of_interest,store,food,establishment",4.3,118,"coffee_shop,cafe,bakery,restaurant",,
ChIJvwiAeSkoRI4RJ2cVfwBkJEo,Le Paris Brest,CLOSED_TEMPORARILY,"Cra. 40 #1047, El Poblado, Medellín, El Poblado, Medellín, Antioquia, Colombia",6.2100583,-75.5679284,"bakery,food_store,restaurant,point_of_interest,store,food,establishment",4.5,4,"bakery,restaurant",,
ChIJx4ngjfgpRI4RPZ_xWldT1xQ,Las Reposterías App,CLOSED_TEMPORARILY,"Cl. 11 #43b-50, El Poblado, Medellín, El Poblado, Medellín, Antioquia, Colombia",6.2125463,-75.57138309999999,"bakery,food_store,food,point_of_interest,wholesaler,store,establishment",,,bakery,,
ChIJ-YlBDvopRI4RrGzEvh3ETko,Estadero mi gran sueño,CLOSED_TEMPORARILY,"Vereda La Linda, Guayabal, Sonsón, Medellín, Guayabal, Medellín, Antioquia, Colombia",6.2269426,-75.5853918,"bar,point_of_interest,establishment",,,bar,,
ChIJ-cPUmaopRI4RTMYQ6LavKxc,Vibes Medallo,CLOSED_TEMPORARILY,"Cl. 9 #43 B-127, El Poblado, Medellín, El Poblado, Medellín, Antioquia, Colombia",6.210359599999999,-75.5725775,"bar,point_of_interest,establishment",5,6,bar,,
ChIJ0b-LuACbRo4Rk_gCj30pFAI,Casa de la Leona,CLOSED_TEMPORARILY,"Cra. 23 #20-34, Retiro, Antioquia, Colombia",6.057694,-75.50423959999999,"art_gallery,bar,point_of_interest,store,establishment",4.8,65,bar,,
ChIJ47qcq3gpRI4RWTTwNb5kRj0,Casa Negra Bar,CLOSED_TEMPORARILY,"Av. 33 # 76 45, Medellín, Belén, Medellín, Antioquia, Colombia",6.2387714999999995,-75.5972785,"bar,point_of_interest,establishment",4.7,61,bar,,
ChIJ49JKfCkoRI4RO_etLZeE0Mo,Discoteca Bolívar,CLOSED_TEMPORARILY,"Cra. 36 #10-38, El Poblado, Medellín, El Poblado, Medellín, Antioquia, Colombia",6.209231099999999,-75.5656652,"bar,point_of_interest,establishment",4.3,687,bar,,
ChIJ5Qd9M8TCuYoR7eyKsM-puBM,Hola Café,CLOSED_TEMPORARILY,"Tv. 32a Sur #33 - 27, Zona 9, Envigado, Antioquia, Colombia",6.1746662,-75.58498589999999,"coffee_shop,cafe,bar,restaurant,point_of_interest,food_store,food,store,establishment",4.9,30,"coffee_shop,cafe,bar,restaurant",,
ChIJ5SC4-9MpRI4RPdrUQbUN-CU,La Dicha,CLOSED_TEMPORARILY,"Cl. 11 #43B 07, El Poblado, Medellín, El Poblado, Medellín, Antioquia, Colombia",6.2117724,-75.5709706,"bar,point_of_interest,establishment",4.4,37,bar,,
ChIJ5bpUcZ4pRI4RzdjEsvi1l7I,The Juice Bar,CLOSED_TEMPORARILY,"Cra. 43E #11-37, El Poblado, Medellín, El Poblado, Medellín, Antioquia, Colombia",6.213129299999999,-75.57313359999999,"bar,restaurant,point_of_interest,food,establishment",5,1,"bar,restaurant",,
ChIJ5zL_wr6DRo4RD_tQDcAoMck,Chocolate Tropical Café•Bar,CLOSED_TEMPORARILY,"Cl. 40F Sur #39a 21, Zona 7, Envigado, Antioquia, Colombia",6.1640302,-75.58917579999999,"cafeteria,bar,point_of_interest,establishment",4.6,15,bar,,
ChIJ6zeGNNUoRI4R689AzOga22U,El tablon bar,CLOSED_TEMPORARILY,"Cra 68 #94-111, Castilla, Medellín, Castilla, Medellín, Antioquia, Colombia",6.2895438,-75.5727141,"bar,point_of_interest,establishment",4,86,bar,,
ChIJ7QzOqECDRo4RiQfSwxV7fbo,El Bosque era Rosado,CLOSED_TEMPORARILY,"Calle 16a sur # 9e -150, Los Balsos, Casaloma, Medellín, Santa Elena, Medellín, Antioquia, Colombia",6.1845149,-75.5502777,"bar,restaurant,point_of_interest,food,establishment",4.3,1110,"bar,restaurant",,
ChIJ8XwtFDiDRo4RtFYunbW2oSs,Cafe Imperio,CLOSED_TEMPORARILY,"Cl. 7 #6-32, El Poblado, Sonsón, Medellín, El Poblado, Medellín, Antioquia, Colombia",6.2038258,-75.5535194,"bar,point_of_interest,establishment",,,bar,,
ChIJ9Xc7vikoRI4Rb8QMAMOqQtc,Buena Vista,CLOSED_TEMPORARILY,"Cra. 37 #8a-33, El Poblado, Medellín, El Poblado, Medellín, Antioquia, Colombia",6.2086169,-75.5669135,"bar,point_of_interest,establishment",4.4,345,bar,,
ChIJ9bWgFaUpRI4RpyyeXbHnDdY,Hookah Garden Lounge Medellin,CLOSED_TEMPORARILY,"Av. 33 #80b-35, Laureles - Estadio, Medellín, Laureles, Medellín, Antioquia, Colombia",6.2385606,-75.60205540000001,"cafe,night_club,bar,food,point_of_interest,establishment",4.8,277,"cafe,bar",,
ChIJA2BQX4iGRo4Ra61_WmPoAAM,Eiti-Leda,CLOSED_TEMPORARILY,"Cra. 48, Caldas, Antioquia, Colombia",6.087759999999999,-75.6342255,"bar,point_of_interest,establishment",3.7,3,bar,,
ChIJA7G3p7CDRo4RDqf75B-hV7M,Concepcion,CLOSED_TEMPORARILY,"Cra. 38, Zona 9, Envigado, Antioquia, Colombia",6.168287299999999,-75.58458759999999,"bar,point_of_interest,establishment",5,2,bar,,
ChIJBUKFxtopRI4ROZYRZsytBkE,Almagrata Bar,CLOSED_TEMPORARILY,"Terminal del Sur, Guayabal, Medellín, Guayabal, Medellín, Antioquia, Colombia",6.2170876,-75.5876789,"bar,point_of_interest,establishment",4.6,59,bar,,
ChIJCUl7RECCRo4RSHpSV74fzOE,Otrora Bar,CLOSED_TEMPORARILY,"Av. 33 #76-99, Medellín, Belén, Medellín, Antioquia, Colombia",6.2387736,-75.59762359999999,"bar,point_of_interest,establishment",4.5,175,bar,,
ChIJG_jwSCODRo4R2MPspJwWikY,Bar Taberna Muralla Verde,CLOSED_TEMPORARILY,"Cra. 51 #83-161, Santa Maria, Itagüi, Medellín, Antioquia, Colombia",6.1912218999999995,-75.5920275,"bar,point_of_interest,establishment",4,1,bar,,
ChIJHQE2p9soRI4RCpgc05nOCGE,Fonda Distorsion,CLOSED_TEMPORARILY,"Cra. 55 #55-5, Aranjuez, Medellín, Aranjuez, Medellín, Antioquia, Colombia",6.275864599999999,-75.5656214,"bar,point_of_interest,establishment",2,1,bar,,
ChIJHfuSIKQvRI4RcEVNkilFnwo,Safari VIP,CLOSED_TEMPORARILY,"Cl. 52 #49-61, Prado, Bello, Antioquia, Colombia",6.3360126999999995,-75.55846919999999,"bar,point_of_interest,establishment",4.6,16,bar,,
ChIJL2b0sOAuRI4RQnWlq5p0G1U,MANAO'S LOUNGE,CLOSED_TEMPORARILY,"Cra. 73, Paris, Bello, Antioquia, Colombia",6.3115742,-75.5794452,"bar,point_of_interest,establishment",4,54,bar,,
ChIJLfh4FqApRI4Rq6kBC7GuXqQ,COLOMBIA CRAFT BREWING COMPANY - Cerveza Artesanal / Craft Beer,CLOSED_TEMPORARILY,"Cra. 36 #10b-30, El Poblado, Medellín, El Poblado, Medellín, Antioquia, Colombia",6.2107161,-75.5651752,"pub,bar,restaurant,food,point_of_interest,establishment",4.9,739,"bar,restaurant",,
ChIJMUI77RspRI4R449Lkvn45Ak,Liquor_Space,CLOSED_TEMPORARILY,"Cl. 3 #78-05, Medellín, Belén, Medellín, Antioquia, Colombia",6.213682599999999,-75.6010609,"bar,point_of_interest,establishment",,,bar,,
ChIJMWcrNSooRI4RttaBkHaAU2A,Rock Cafe Dali,CLOSED_TEMPORARILY,"Cra 43D #10 77, El Poblado, Medellín, El Poblado, Medellín, Antioquia, Colombia",6.2120144,-75.57233740000001,"bar,point_of_interest,establishment",4.5,650,bar,,
ChIJMxClIlOXRo4RYxmjEFchMGs,Terraza Lounge Gastro Bar,CLOSED_TEMPORARILY,"Cl. 20 # 22-5 Local 304, La Ceja, Antioquia, Colombia",6.031483799999999,-75.4328872,"bar_and_grill,bar,restaurant,point_of_interest,food,establishment",4.6,435,"bar,restaurant",,
ChIJMzpWAK-DRo4RjRDYpH4UIWY,Bar El Eden,CLOSED_TEMPORARILY,"Cl. 41 Sur, Zona 6, Envigado, Antioquia, Colombia",6.1583546,-75.5828046,"bar,point_of_interest,establishment",4,1,bar,,
ChIJP1yYE2yDRo4RAry3euqyneo,Bohemio,CLOSED_TEMPORARILY,"Cra. 27 #36, Bosque El Chuscal, Envigado, Antioquia, Colombia",6.1662855,-75.56947989999999,"bar,point_of_interest,establishment",4.8,5,bar,,
ChIJRTgGvoYvRI4RBVsHEQdtIlQ,Sodas El Sachi,CLOSED_TEMPORARILY,"Cl. 53 #45a-99 a 45a-59, Las Granias, Bello, Antioquia, Colombia",6.3373213,-75.555004,"bar,point_of_interest,establishment",,,bar,,
ChIJSUJ2-CkoRI4RfVfQUpRx2D8,The Medellin Terrace,CLOSED_TEMPORARILY,"Cra. 39 #7 - 100, El Poblado, Medellín, El Poblado, Medellín, Antioquia, Colombia",6.207637699999999,-75.5683585,"bar,point_of_interest,establishment",4.4,14,bar,,
ChIJT5aLFACBRo4RiIO0xRr3E3g,Buena Vista Sabor,CLOSED_TEMPORARILY,"San Antonio de Prado, Medellín, San Antonio de Prado, Medellín, Antioquia, Colombia",6.1767761,-75.6479967,"bar,point_of_interest,establishment",5,1,bar,,
ChIJV2v2SQApRI4RYiMQaS1Xugk,La Jaula Provenza,CLOSED_TEMPORARILY,"Cra. 34 #8A -01 int 103, El Poblado, Medellín, El Poblado, Medellín, Antioquia, Colombia",6.2078748,-75.5652738,"bar,restaurant,point_of_interest,food,establishment",5,11,"bar,restaurant",,
ChIJVQQR7VgpRI4RlMIRk9jvjIA,Alta Gracia,CLOSED_TEMPORARILY,"Cra 43C #10-58, El Poblado, Medellín, El Poblado, Medellín, Antioquia, Colombia",6.211623,-75.5717342,"bar_and_grill,bar,restaurant,point_of_interest,food,establishment",4.6,547,"bar,restaurant",,
ChIJWZMkhJMpRI4Rv-m8rz_OUuc,CHELA BAR,CLOSED_TEMPORARILY,"Cl 59 cr 65-112, Robledo, Medellín, Antioquia, Colombia",6.2598293,-75.5810372,"bar,point_of_interest,establishment",5,2,bar,,
ChIJX9sFd60pRI4RZVGZStCjWPY,Oclock Disco La 70,CLOSED_TEMPORARILY,"Cl. 47D #68a-107, Laureles - Estadio, Medellín, Laureles, Medellín, Antioquia, Colombia",6.2530041,-75.58731879999999,"bar,point_of_interest,establishment",,,bar,,
ChIJXza-c7YoRI4R9elm6FWIdKg,Tropical La Salle,CLOSED_TEMPORARILY,"Cra. 40 #91-99, La Salle, Medellín, Manrique, Medellín, Antioquia, Colombia",6.283656,-75.54924489999999,"bar,point_of_interest,establishment",3.2,43,bar,,
ChIJYbYfGzgpRI4RV0LYLx9ROCM,Buena Vibra Street Food,CLOSED_TEMPORARILY,"Cra 73, Cq. 4 #18, Laureles - Estadio, Medellín, Laureles, Medellín, Antioquia, Colombia",6.2462503,-75.5922207,"bar,restaurant,point_of_interest,food,establishment",4.8,52,"bar,restaurant",,
ChIJZevIaPUpRI4RSS9vPnvnqBQ,Forajido Laureles,CLOSED_TEMPORARILY,"Tv 39D #39 B-59, Laureles - Estadio, Medellín, Laureles, Medellín, Antioquia, Colombia",6.2464416,-75.59553679999999,"bar,point_of_interest,establishment",4.5,516,bar,,
ChIJ_2357VCDRo4R9tcwwGDiLFk,SMILING SHRIMP,CLOSED_TEMPORARILY,"Cl. 30 Sur #45-31, Zona 2, Envigado, Antioquia, Colombia",6.1777544,-75.5864809,"vegetarian_restaurant,seafood_restaurant,bar,restaurant,point_of_interest,food,establishment",4.5,29,"bar,restaurant",,
ChIJb3gNI-OeRo4R8NFI4sRyoZ8,Ártiga Café Cultural,CLOSED_TEMPORARILY,"Tv. 5a #45-140, El Poblado, Medellín, El Poblado, Medellín, Antioquia, Colombia",6.2075846,-75.575651,"bar_and_grill,bar,restaurant,point_of_interest,food,establishment",4.7,122,"bar,restaurant",,
ChIJbXGg1fQpRI4RFROXTMhTuYk,Essotico Rooftop,CLOSED_TEMPORARILY,"Cra. 40 #10-44, El Poblado, Medellín, El Poblado, Medellín, Antioquia, Colombia",6.209999,-75.5678422,"karaoke,night_club,bar,point_of_interest,establishment",4.3,107,bar,,
ChIJbbOhfrgpRI4RlXbDX-LQ3jw,Festum.mde,CLOSED_TEMPORARILY,"Cra. 78 # 42 - 57, Laureles - Estadio, Medellín, Laureles, Medellín, Antioquia, Colombia",6.2493061,-75.59715829999999,"restaurant,bar,food,point_of_interest,establishment",4.7,38,"restaurant,bar",,
ChIJcyNXJ18dRI4ROqw87t0ZYX0,Gusht discoteca bar,CLOSED_TEMPORARILY,"Tv. 2 #19-27, Peñol, Antioquia, Colombia",6.2165989999999995,-75.2449796,"bar,point_of_interest,establishment",5,1,bar,,
ChIJd75ufCUpRI4R7Cg1jQ5Tlz4,Granizados Génesis,CLOSED_TEMPORARILY,"Cra. 43b #N° 88 - 209 int 209, La Salle, Medellín, Manrique, Medellín, Antioquia, Colombia",6.2805545,-75.55162159999999,"bar,point_of_interest,establishment",5,2,bar,,
ChIJeYyOSjQpRI4RklIHwrJrRcE,Drakkar Pub,CLOSED_TEMPORARILY,"Av. 80 #33b-31, Laureles - Estadio, Medellín, Laureles, Medellín, Antioquia, Colombia",6.2407552,-75.6030996,"bar,point_of_interest,establishment",4.6,33,bar,,
ChIJeaOzhZcpRI4Rt-1JksRBRh8,Go back,CLOSED_TEMPORARILY,"Avenida San Juan, Cl 44 #42-55, La Candelaria, Medellín, La Candelaria, Medellín, Antioquia, Colombia",6.2422917,-75.56474299999999,"bar,point_of_interest,establishment",,,bar,,
ChIJexDqidgnRI4R0cCfL4NLJ5Q,El Parche del Regueton,CLOSED_TEMPORARILY,"Cl. 54b #6 Este, La Sierra, Medellín, Villa Hermosa, Medellín, Antioquia, Colombia",6.234285799999999,-75.5268354,"bar,point_of_interest,establishment",3,25,bar,,
ChIJey-rpf4vRI4R_wD_A5hfN28,Malasaña bar,CLOSED_TEMPORARILY,"Crr77, Cl. 108a, Santander, Medellín, Doce de Octubre, Medellín, Santander, Colombia",6.3076266,-75.5742133,"bar,point_of_interest,establishment",,,bar,,
ChIJgdsp65QpRI4RI5GxvVrEfjY,Montañeros Grill & Bar,CLOSED_TEMPORARILY,"Av. 80, Medellín, Belén, Medellín, Antioquia, Colombia",6.2301234,-75.6018398,"bar,point_of_interest,establishment",5,1,bar,,
ChIJjVlDtf4pRI4RUvwmZOqPpIk,Fiesta en Guadalajara Restaurante Bar,CLOSED_TEMPORARILY,"Cra. 39, Parque Lleras #8 - 71, El Poblado, Medellín, El Poblado, Medellín, Antioquia, Colombia",6.2086267,-75.5682599,"restaurant,mexican_restaurant,bar,point_of_interest,food,establishment",4.6,55,"restaurant,bar",,
ChIJkY7U5m4pRI4R9AlTSqinOuc,Black Pepper SteakHouse - El Poblado,CLOSED_TEMPORARILY,"Cl. 10b #35-50, El Poblado, Medellín, El Poblado, Medellín, Antioquia, Colombia",6.2104266,-75.5652564,"steak_house,hamburger_restaurant,bar_and_grill,bar,american_restaurant,restaurant,food,point_of_interest,establishment",4.2,195,"bar,restaurant",,
ChIJkePg92ApRI4Ruq-l6S6EuXU,The Mixer Medellín,CLOSED_TEMPORARILY,"Tv 39D #39B - 92 Piso Dos, Laureles - Estadio, Medellín, Laureles, Medellín, Antioquia, Colombia",6.246309300000001,-75.5949789,"bar,point_of_interest,establishment",4.9,43,bar,,
ChIJkwmR5faDRo4RrH3GCf50giA,La Base Fraternidad,CLOSED_TEMPORARILY,"Carrera 48 numero 12 sur 00, local 107, Guayabal, Medellín, Guayabal, Medellín, Antioquia, Colombia",6.197921699999999,-75.59218,"bar,point_of_interest,establishment",4,1,bar,,
ChIJnTKqMUcpRI4RSDQ9hZUHJyE,Licorera totem,CLOSED_TEMPORARILY,"Cra. 49A #92-9, Aranjuez, Medellín, Aranjuez, Medellín, Antioquia, Colombia",6.283391399999999,-75.55685199999999,"bar,point_of_interest,establishment",5,5,bar,,
ChIJnUus3DYpRI4Rdxt--uWIA2g,Vamos Pa'Lla Rock Bar,CLOSED_TEMPORARILY,"Cra. 49 #94-24, Aranjuez, Medellín, Aranjuez, Medellín, Antioquia, Colombia",6.286058499999999,-75.5558941,"bar,point_of_interest,establishment",4.7,20,bar,,
ChIJnWJDGIQpRI4RN5VfEA416RM,VaVeL Beer & Cocktails,CLOSED_TEMPORARILY,"Cl. 59aa #22c-48, Medellín, Villa Hermosa, Medellín, Antioquia, Colombia",6.2519187,-75.5464925,"bar,point_of_interest,establishment",5,2,bar,,
ChIJndKoWOMvRI4RsohQJgu2nFA,Shupa Shots Bello,CLOSED_TEMPORARILY,"Cl. 37 #51-23, Obrero, Bello, Antioquia, Colombia",6.3234628,-75.5588296,"bar,point_of_interest,establishment",4.8,18,bar,,
ChIJnx0UAL0pRI4RgrS_bhqtg9w,PIRAÑA BAR,CLOSED_TEMPORARILY,"Cl. 49 #29-31, Caicedo, Medellín, Buenos Aires, Medellín, Antioquia, Colombia",6.2404036,-75.5522915,"bar_and_grill,bar,restaurant,point_of_interest,food,establishment",,,"bar,restaurant",,
ChIJp2_g-qYpRI4RllOCCEflygo,Bodega de Licores,CLOSED_TEMPORARILY,"Bulevar Libertadores De América, Laureles - Estadio, Medellín, Laureles, Medellín, Antioquia, Colombia",6.246023,-75.589343,"bar,point_of_interest,establishment",4.5,77,bar,,
ChIJpU6AJNyZRo4Ror0OJCcmilY,La Juana Picnic,CLOSED_TEMPORARILY,"La Juana Picnic, El Carmen de Viboral, Antioquia, Colombia",6.0758171999999995,-75.35624399999999,"restaurant,bar,point_of_interest,food,establishment",4.7,38,"restaurant,bar",,
ChIJqdzCWQAXRI4Rj6QbnpALnSw,La porra,CLOSED_TEMPORARILY,"Concepción, Antioquia, Colombia",6.3910025,-75.26214829999999,"bar,point_of_interest,establishment",5,9,bar,,
ChIJrZGCpykoRI4RqGtlbu-LG70,Francheyes restaurante barhv,CLOSED_TEMPORARILY,"Cl 10A #41 - 03, El Poblado, Medellín, El Poblado, Medellín, Antioquia, Colombia",6.209579499999999,-75.5670863,"bar_and_grill,bar,restaurant,food,point_of_interest,establishment",4.2,26,"bar,restaurant",,
ChIJryPQZyAvRI4R0Entg_WK-68,La Cava Licores & Cocteles,CLOSED_TEMPORARILY,"Cl 24a #60-16, Nuevo, Bello, Antioquia, Colombia",6.313632699999999,-75.5703025,"bar,point_of_interest,establishment",5,10,bar,,
ChIJs7dGuyWhRo4REybNEWxic54,Picasso - Café Arte,CLOSED_TEMPORARILY,"Cl. 31 #30B-16, Marinilla, Antioquia, Colombia",6.174176999999999,-75.33465740000001,"bar,point_of_interest,establishment",5,2,bar,,
ChIJsY3uA9MpRI4R_7RDpGpEWlY,Cuba Libre,CLOSED_TEMPORARILY,"El Poblado, Medellín, El Poblado, Medellin, Antioquia, Colombia",6.214849999999999,-75.57673,"bar,point_of_interest,establishment",4,23,bar,,
ChIJsbV427orRI4RWgwfZqN9GNw,Discobar el sótano,CLOSED_TEMPORARILY,"El Salado, Medellín, San Javier, Medellin, Antioquia, Colombia",6.2539907999999995,-75.62381979999999,"bar,point_of_interest,establishment",,,bar,,
ChIJuYj_JhMpRI4R95ke8rzrm3A,Granizados Hot Ice - La Milagrosa,CLOSED_TEMPORARILY,"Cl. 43A #28-77, Buenos Aires, Medellín, Buenos Aires, Medellín, Antioquia, Colombia",6.2363707999999995,-75.5540413,"bar,point_of_interest,establishment",,,bar,,
ChIJud0n5FYpRI4RaNvleELkCsE,Charcutería el mall,CLOSED_TEMPORARILY,"Cra. 74 #53-89, Laureles - Estadio, Medellín, Laureles, Medellín, Antioquia, Colombia",6.263646,-75.5885361,"bar,point_of_interest,establishment",,,bar,,
ChIJv0wXYJAvRI4RJRGgxSB_OKY,El Barroco café literario,CLOSED_TEMPORARILY,"a 33-121, Dg. 57 #33-1, Hermosa Provincia, Bello, Antioquia, Colombia",6.3421087,-75.54222419999999,"bar,point_of_interest,establishment",4.7,183,bar,,
ChIJw9gzaZAvRI4RIpbVtNfdi1E,CHAMPION BAR,CLOSED_TEMPORARILY,"Dg. 57 #56-06, Hermosa Provincia, Bello, Antioquia, Colombia",6.3417061,-75.54117939999999,"bar,point_of_interest,establishment",4.1,16,bar,,
ChIJxef1R1gpRI4RqTBmxMwmIn4,Tennessee bar,CLOSED_TEMPORARILY,"Cra. 55 ### 64-79, La Candelaria, Medellín, Antioquia, Colombia",6.264113399999999,-75.5679553,"bar,point_of_interest,establishment",5,1,bar,,
ChIJyVcCBGAxRI4R_UctYFF8hyQ,Wifaro ICE,CLOSED_TEMPORARILY,"Cra. 50 #41-22, San Pedro, San Pedro de los Milagros, Antioquia, Colombia",6.454504699999999,-75.55913559999999,"bar,point_of_interest,establishment",,,bar,,
ChIJzQg7diiDRo4Rps4Y0ZlUPGY,CITYCOCKTAILS_EVG,CLOSED_TEMPORARILY,"Cra. 42d #46d Sur-34, Zona 7, Envigado, Antioquia, Colombia",6.1608974,-75.5959769,"bar,point_of_interest,establishment",4.8,4,bar,,
ChIJ0WytFV0pRI4RioUxkJURiJw,IMAGO,CLOSED_TEMPORARILY,"Cra. 43E #11-40, El Poblado, Medellín, El Poblado, Medellín, Antioquia, Colombia",6.212972199999999,-75.572844,"coffee_shop,cafe,food_store,restaurant,point_of_interest,store,food,establishment",4.8,228,"coffee_shop,cafe,restaurant",,
ChIJ5XxZ1C2DRo4RaM4CAkW2-zo,Juan Valdez - CC Ideo,CLOSED_TEMPORARILY,"CRA. 42, Centro Comercial Univentas #75-83 Piso 1, Medellín, Itagüi, Antioquia, Colombia",6.1824715999999995,-75.5906818,"coffee_shop,cafe,food_store,food,point_of_interest,store,establishment",1,1,"coffee_shop,cafe",,
ChIJ5Yim-pYpRI4RIAPFSfyI16Q,Café Rumística,CLOSED_TEMPORARILY,"Cra. 84 #45b-33, La América, Medellín, La América, Medellín, Antioquia, Colombia",6.2542475,-75.60275589999999,"cafe,point_of_interest,food,establishment",5,6,cafe,,
ChIJ6QzExwopRI4RPUGi8vjLRvU,CAFETA Café y pintura 🎨,CLOSED_TEMPORARILY,"Cq. 71 #38-25, Laureles - Estadio, Medellín, Laureles, Medellín, Antioquia, Colombia",6.2401215,-75.59264840000002,"coffee_shop,cafe,point_of_interest,food_store,food,store,establishment",5,48,"coffee_shop,cafe",,
ChIJ6SkZNQApRI4R_80-BhpPNoQ,Qeik - El arte del hojaldre y del café,CLOSED_TEMPORARILY,"Cl. 47 #21, Laureles - Estadio, Medellín, Laureles, Medellín, Antioquia, Colombia",6.2525122,-75.5886536,"cafe,point_of_interest,food,establishment",4.8,10,cafe,,
ChIJAXsXRGcvRI4RUhSKqy33TC8,Empanadas Doña Nubia,CLOSED_TEMPORARILY,"Cra. 76b #107a21, Santander, Medellín, Doce de Octubre, Medellín, Antioquia, Colombia",6.3063625,-75.57242959999999,"cafe,point_of_interest,food,establishment",5,2,cafe,,
ChIJAwChykopRI4RE-rUDa_2laM,Tribbu - Coffee Prep,CLOSED_TEMPORARILY,"Tv. 41 #77-35, Laureles - Estadio, Medellín, Laureles, Medellín, Antioquia, Colombia",6.2478853,-75.5969227,"coffee_shop,cafe,food_store,point_of_interest,store,food,establishment",4.6,14,"coffee_shop,cafe",,
ChIJAy-a48mfRo4RCtfXym6zLc8,Ser Ahí - Constructo,CLOSED_TEMPORARILY,"054048 Llanogrande - Cabeceras, Rionegro, Buenavista, Rionegro, Antioquia, Colombia",6.107685999999999,-75.422465,"coffee_shop,cafe,food_store,restaurant,point_of_interest,store,food,establishment",4.8,9,"coffee_shop,cafe,restaurant",,
ChIJB3J5Kr4pRI4R8_XkDQOTVlw,Arepas de Huevo CIENAGA,CLOSED_TEMPORARILY,"Cl. 30 #77-54, Medellín, Belén, Medellín, Antioquia, Colombia",6.2314850999999996,-75.59754269999999,"cafe,point_of_interest,food,establishment",,,cafe,,
ChIJBZHriVSDRo4RRJDEjzLW8zA,Vetta Café de Alta Montaña,CLOSED_TEMPORARILY,"Centro Comercial Mayorca Etapa 1, Cuarto piso, Itagüi, Sabaneta, Antioquia, Colombia",6.1613989,-75.6058194,"cafe,point_of_interest,food,establishment",4.6,728,cafe,,
ChIJBySRFT0pRI4RHt6aAeotC3w,Café Canelo Express Indie-Universe,CLOSED_TEMPORARILY,"Av. Nutibara #71-25, Laureles - Estadio, Medellín, Laureles, Medellín, Antioquia, Colombia",6.2411973000000005,-75.5918997,"coffee_shop,breakfast_restaurant,brunch_restaurant,cafe,food_store,restaurant,point_of_interest,store,food,establishment",4.9,48,"coffee_shop,cafe,restaurant",,
ChIJCXeyiswpRI4Rgl_yz9SlpjM,Frappé & Café,CLOSED_TEMPORARILY,"Av. 33 # 64 - 174, Laureles - Estadio, Medellín, Laureles, Medellín, Antioquia, Colombia",6.2397469999999995,-75.5823279,"cafe,food,point_of_interest,establishment",4.8,60,cafe,,
ChIJGa7mUZafRo4R-7JEPT-SQ08,Coherente Mundo Saludable,CLOSED_TEMPORARILY,"Rionegro, Antioquia, Colombia",6.1490187999999995,-75.3789523,"coffee_shop,cafe,grocery_store,food_store,point_of_interest,store,food,establishment",5,2,"coffee_shop,cafe,grocery_store",,
ChIJHdXVanwpRI4R_80hcK2S6CA,La Patrona cafe-bar,CLOSED_TEMPORARILY,"Cra. 73 #41-24, Laureles - Estadio, Medellín, Laureles, Medellín, Antioquia, Colombia",6.2477304,-75.5923578,"coffee_shop,cafe,food_store,point_of_interest,store,food,establishment",4.9,52,"coffee_shop,cafe",,
ChIJO0fBwQIpRI4R-IQSXNF2HhQ,Vircafe,CLOSED_TEMPORARILY,"Cra. 73 #40 - 28, Laureles - Estadio, Medellín, Laureles, Medellín, Antioquia, Colombia",6.2470816,-75.5922953,"coffee_shop,cafe,point_of_interest,food_store,food,store,establishment",5,9,"coffee_shop,cafe",,
ChIJQ77DgdafRo4Rdeu__nONJPw,New York Coffee Bar,CLOSED_TEMPORARILY,"Cl. 49 #49-09, Rionegro, Antioquia, Colombia",6.1529503,-75.3733761,"coffee_shop,cafe,point_of_interest,food_store,food,store,establishment",4.5,23,"coffee_shop,cafe",,
ChIJRfnrWiGDRo4RC5GGoQtHAas,Sabaneta Protein Bar,CLOSED_TEMPORARILY,"Cra. 45A, Cl. 72 Sur # 13, Sabaneta, Antioquia, Colombia",6.151074899999999,-75.6171121,"cafe,breakfast_restaurant,restaurant,point_of_interest,food,establishment",5,7,"cafe,restaurant",,
ChIJSfsL_yqDRo4RmmY7tkTBksc,Azaí Praia Lovers San Lucas,CLOSED_TEMPORARILY,"Cra. 25B #16aa sur-50, El Poblado, Medellín, El Poblado, Medellín, Antioquia, Colombia",6.1835629999999995,-75.5633098,"breakfast_restaurant,coffee_shop,vegetarian_restaurant,cafe,food_store,restaurant,point_of_interest,store,food,establishment",4.9,260,"coffee_shop,cafe,restaurant",,
ChIJWfWaZbSDRo4RtzxC2uDMdQo,"Ponque te quiero, repostería,café de origen",CLOSED_TEMPORARILY,"Cl. 46E Sur #39c-3, Zona 7, Envigado, Antioquia, Colombia",6.1587057,-75.5928704,"coffee_shop,cafe,food_store,food,point_of_interest,store,establishment",5,9,"coffee_shop,cafe",,
ChIJXyFn7m8pRI4RfEEuPlUobUo,Momotea Viva Laureles,CLOSED_TEMPORARILY,"Cra. 81 #37-32, Laureles - Estadio, Medellín, Laureles, Medellín, Antioquia, Colombia",6.2458674,-75.602025,"cafe,food,point_of_interest,establishment",4.1,9,cafe,,
ChIJ_97VSqkvRI4RGoWAV5VjGa8,tienda los tatos,CLOSED_TEMPORARILY,"Cl. 102B, Doce de Octubre 1, Medellín, Doce de Octubre, Medellín, Antioquia, Colombia",6.302692599999999,-75.5776921,"coffee_shop,cafe,food_store,point_of_interest,store,food,establishment",,,"coffee_shop,cafe",,
ChIJ_ZTSV9spRI4RR3QZDuGv6jk,Artesano cafè i gelat,CLOSED_TEMPORARILY,"Cra. 74 #40-02, Laureles - Estadio, Medellín, Laureles, Medellín, Antioquia, Colombia",6.2469424,-75.5936864,"cafe,food,point_of_interest,establishment",5,1,cafe,,
ChIJaQoyaAApRI4RqUigvRn-d3E,REPÚBLICA DICHOSA,CLOSED_TEMPORARILY,"Cra. 65A #26 23, Guayabal, Medellín, Guayabal, Medellín, Antioquia, Colombia",6.2278689,-75.58399419999999,"restaurant,coffee_shop,cafe,point_of_interest,food_store,food,store,establishment",5,32,"restaurant,coffee_shop,cafe",,
ChIJc3FkcXgpRI4RkAg9LrXfD6M,Le Palito Select,CLOSED_TEMPORARILY,"Carrera 30 # 10c - 134, Mall Select, int. 9706, El Poblado, Medellín, El Poblado, Medellín, Antioquia, Colombia",6.21199,-75.55915279999999,"coffee_shop,cafe,food_store,food,point_of_interest,store,establishment",3.3,7,"coffee_shop,cafe",,
ChIJfWNf0C-DRo4RPv406r4CetI,Espuma Laundry,CLOSED_TEMPORARILY,"Cl. 37 Sur #37-15, Zona 9, Envigado, Antioquia, Colombia",6.168368900000001,-75.5841047,"laundry,cafe,point_of_interest,food,establishment",4.6,66,cafe,,
ChIJf_rxfyifRo4RnziZxtAJ7bs,Cancha de tejo las cuchillas,CLOSED_TEMPORARILY,"Unnamed Road, Rionegro, Antioquia, Colombia",6.1826362999999995,-75.3910545,"cafe,food,point_of_interest,establishment",4.5,35,cafe,,
ChIJh3wZdUmDRo4R8fvw4tLPwzs,NAÑIKUE Wild Organic Café,CLOSED_TEMPORARILY,"Cra. 34 #7-8, El Poblado, Medellín, El Poblado, Medellín, Antioquia, Colombia",6.2060237,-75.5645844,"coffee_shop,cafe,point_of_interest,food_store,food,store,establishment",4.9,16,"coffee_shop,cafe",,
ChIJjUFSgWMnRI4RHwqcSuCfCAU,Origen Santa Elena,CLOSED_TEMPORARILY,"Mall Food Plaza Cabeceras, San Nicolás-La Ceja #Km 2, Rionegro, Llano Grande, Rionegro, Antioquia, Colombia",6.1095804,-75.42284250000002,"restaurant,cafe,point_of_interest,food,establishment",4.7,316,"restaurant,cafe",,
ChIJjx3iDm-CRo4RiLSXgAQIJu4,Cafetería y Restaurante Todo Rico,CLOSED_TEMPORARILY,"Cra. 46A #89 04, San Fernando, Itagüi, Antioquia, Colombia",6.194557199999999,-75.58785329999999,"cafe,point_of_interest,food,establishment",3.8,21,cafe,,
ChIJlV88DwCDRo4Rixtfdu2Nh0U,Donde Don Gabriel,CLOSED_TEMPORARILY,"Cl. 2 Sur #53-13, Guayabal, Medellín, Guayabal, Medellín, Antioquia, Colombia",6.2068698,-75.58687450000001,"coffee_shop,cafe,food_store,point_of_interest,store,food,establishment",,,"coffee_shop,cafe",,
ChIJlXYGAd-DRo4RBZlBZt-KSrc,Taller Cafe Lila Animalis,CLOSED_TEMPORARILY,"Cl 38A Sur #45-3, Zona 8, Envigado, Antioquia, Colombia",6.171102899999999,-75.5904432,"coffee_shop,cafe,food_store,food,point_of_interest,store,establishment",,,"coffee_shop,cafe",,
ChIJlfUBA-ifRo4RaxIzJb0hP7M,Valen'tin Repostería y Café,CLOSED_TEMPORARILY,"054047, Barro Blanco, Rionegro, Antioquia, Colombia",6.1490187999999995,-75.3789523,"coffee_shop,cafe,food_store,food,point_of_interest,store,establishment",,,"coffee_shop,cafe",,
ChIJmyLdPcODRo4Rb6UDtnDGKbk,Moment Café - Coworking Sabaneta,CLOSED_TEMPORARILY,"Cra. 45 #75 Sur-81, Sabaneta, Antioquia, Colombia",6.148574399999999,-75.61890149999999,"coffee_shop,cafe,food_store,food,point_of_interest,store,establishment",4.5,32,"coffee_shop,cafe",,
ChIJncef-ocpRI4RNvR2MlB9Unw,Transhumante Café Creativo,CLOSED_TEMPORARILY,"Cl 59A #38-14, La Candelaria, Medellín, La Candelaria, Medellín, Antioquia, Colombia",6.2513359,-75.5558247,"cafe,point_of_interest,food,establishment",,,cafe,,
ChIJr5jD4F-dRo4RB1LBQZH4A8A,EL Café de Lena,CLOSED_TEMPORARILY,"Vía a Cerro Verde, Medellín, Envigado, Antioquia, Colombia",6.19724,-75.48607369999999,"cafe,food,point_of_interest,establishment",,,cafe,,
ChIJr7tgAwApRI4RBWn58RFYObs,CATALA CAFÉ Y TIENDA MULTIMARCA,CLOSED_TEMPORARILY,"Cra. 76 #32EE-29, Medellín, Belén, Medellín, Antioquia, Colombia",6.238153700000001,-75.5967679,"coffee_shop,cafe,point_of_interest,food_store,food,store,establishment",5,6,"coffee_shop,cafe",,
ChIJrbiu_R4pRI4R7LI2KOuYBCE,Otoño coworking y cafeteria,CLOSED_TEMPORARILY,"Cra. 76 #32EE - 29, Medellín, Belén, Medellín, Antioquia, Colombia",6.2378279,-75.5966356,"coffee_shop,cafe,point_of_interest,food_store,food,store,establishment",,,"coffee_shop,cafe",,
ChIJv2h_brmBRo4RGajNnAE5-gQ,Vino tinto café Fusion,CLOSED_TEMPORARILY,"Avenida Las Vegas, cra 48#75sur-24, Sabaneta, Antioquia, Colombia",6.1526955999999995,-75.6214675,"coffee_shop,cafe,food_store,food,point_of_interest,store,establishment",4.8,26,"coffee_shop,cafe",,
ChIJwQe7nTAvRI4RZ5ayU-28biE,Dosto,CLOSED_TEMPORARILY,"Cl 24a #55-140, Guayacanes Del Norte, Bello, Antioquia, Colombia",6.314225200000001,-75.5619897,"cafe,food,point_of_interest,establishment",4.6,44,cafe,,
ChIJyZRjvUspRI4RfNcT8c4giFA,Urbania Café Calle 14 - Tostadora,CLOSED_TEMPORARILY,"Cl. 14 #30-100, El Poblado, Medellín, El Poblado, Medellín, Antioquia, Colombia",6.2143304,-75.5613754,"cafe,point_of_interest,food,establishment",4.8,112,cafe,,
ChIJ04Z94SWgRo4R6bzhctAQ36U,"JUSTO Y BUENO, MARINILLA",CLOSED_TEMPORARILY,"Cl. 27 #28-1 #28-161 a, Marinilla, Antioquia, Colombia",6.170692100000001,-75.33517259999999,"supermarket,grocery_store,food_store,food,point_of_interest,store,establishment",4.2,67,grocery_store,,
ChIJ0wkyfXwpRI4R9dAOcZ2eTNU,Club de Nutrición Melos San Javier,CLOSED_TEMPORARILY,"Cra. 100 #44-24 segundo piso, El Danubio, Medellín, San Javier, Medellín, Antioquia, Colombia",6.2570749999999995,-75.6157108,"grocery_store,food_store,point_of_interest,store,food,establishment",4.9,8,grocery_store,,
ChIJ12OJHukoRI4R4xmajRt7KCE,Carnicos San Luis,CLOSED_TEMPORARILY,"Cra. 49 #693, Aranjuez, Medellín, Aranjuez, Medellín, Antioquia, Colombia",6.2652581,-75.5595079,"grocery_store,food_store,food,point_of_interest,store,establishment",4.3,3,grocery_store,,
ChIJ1yyEnlSjRo4RWRWg3-rEpsE,Mercadería Justo & Bueno,CLOSED_TEMPORARILY,"Cl. 29 #30 31, El Carmen de Viboral, Antioquia, Colombia",6.0821521999999995,-75.33458910000002,"supermarket,grocery_store,food_store,food,point_of_interest,store,establishment",4.4,5,grocery_store,,
ChIJ2b16w5yCRo4RT0pOZ8eCvdM,Tienda D1 Piazza Bella,CLOSED_TEMPORARILY,"El Poblado, Medellín, El Poblado, Medellin, Antioquia, Colombia",6.2038645,-75.5614445,"supermarket,grocery_store,point_of_interest,food_store,food,store,establishment",4.5,426,grocery_store,,
ChIJ3VqoDcuDRo4RPOQi-VNbEAE,AmwayCenterXS,CLOSED_TEMPORARILY,"La colinita, Cra. 54b #10B sur 25, Guayabal, Medellín, Guayabal, Medellín, Antioquia, Colombia",6.2001542999999995,-75.5933104,"grocery_store,food_store,food,point_of_interest,store,establishment",,,grocery_store,,
ChIJ4R02hRGDRo4RBiLYOjQlt1k,Distribuidora JP González,CLOSED_TEMPORARILY,"Cra. 59a #57-19, Itagüi, Antioquia, Colombia",6.179835199999999,-75.6093534,"grocery_store,food_store,food,point_of_interest,store,establishment",,,grocery_store,,
ChIJ74yIpcmDRo4RZHJWBSABBdI,Velas Alma Viva,CLOSED_TEMPORARILY,"Cl. 64 #58C 26, Terranova, Itagüi, Antioquia, Colombia",6.18197,-75.60681,"point_of_interest,grocery_store,food_store,food,store,establishment",,,grocery_store,,
ChIJ7YuzvVKDRo4R3Lgn_hLnRhM,Santa Guanabana,CLOSED_TEMPORARILY,"Cra. 43C #68 Sur-26, Sabaneta, Antioquia, Colombia",6.1515426,-75.6142693,"grocery_store,food_store,restaurant,point_of_interest,store,food,establishment",,,"grocery_store,restaurant",,
ChIJ9-4P3eIpRI4Rj5195mF14As,Mercadería Justo & Bueno,CLOSED_TEMPORARILY,"Cl. 29 #72 45, Medellín, Belén, Medellín, Antioquia, Colombia",6.230453799999999,-75.5931584,"supermarket,grocery_store,food_store,point_of_interest,store,food,establishment",4.3,79,grocery_store,,
ChIJCRuVuaaDRo4Rl_n8FAM8ry4,EXPENDIO BIMBO ENVIGADO,CLOSED_TEMPORARILY,"Cra. 43 # 38 SUR - 16, Zona 9, Envigado, Antioquia, Colombia",6.169673899999999,-75.5879837,"supermarket,point_of_interest,grocery_store,food_store,food,store,establishment",5,7,grocery_store,,
ChIJEUSQ85wnRI4R3aVsZea9lqI,La Tienda del Abuelo,CLOSED_TEMPORARILY,"hotel Villa Leidy vía Aeropuerto Internacional Jose María Cordoba, Guarne, Antioquia, Colombia",6.227653999999999,-75.4499912,"grocery_store,food_store,food,point_of_interest,store,establishment",4.4,19,grocery_store,,
ChIJEZ3gm1KXRo4RRKDKDHSZuTE,Supermercado ALF,CLOSED_TEMPORARILY,"Cl. 17 #20-1 #20-109 a, La Ceja, Antioquia, Colombia",6.0286947,-75.4326372,"supermarket,grocery_store,food_store,point_of_interest,store,food,establishment",,,grocery_store,,
ChIJF9SGflujRo4ROPJ7cpqqte0,Mercadería Justo & Bueno,CLOSED_TEMPORARILY,"Cra. 30 #32 76, El Carmen de Viboral, Antioquia, Colombia",6.0851511,-75.3357303,"supermarket,grocery_store,food_store,food,point_of_interest,store,establishment",4.5,52,grocery_store,,
ChIJLwDwe-cpRI4RgG4A9y2OkxM,mercoop,CLOSED_TEMPORARILY,"Cl. 5 #75B-25, Medellín, Belén, Medellín, Antioquia, Colombia",6.2152886999999994,-75.5978914,"supermarket,grocery_store,food_store,food,point_of_interest,store,establishment",4.2,246,grocery_store,,
ChIJNdFFjdk7RI4RKHE5ToNAuEk,Minimercado HatoMerka,CLOSED_TEMPORARILY,"Cra. 14 #14-12, Girardota, Antioquia, Colombia",6.37094,-75.449956,"grocery_store,food_store,point_of_interest,store,food,establishment",,,grocery_store,,
ChIJOZWX7KovRI4RkTrBxpxwFtA,Distrito Congelado,CLOSED_TEMPORARILY,"Cl. 104 #72-87, Pedregal, Medellín, Doce de Octubre, Medellín, Antioquia, Colombia",6.3011406,-75.5720568,"grocery_store,point_of_interest,food_store,food,store,establishment",5,13,grocery_store,,
ChIJOZgv83-DRo4ReadHZ-ksU2A,La Tequila,CLOSED_TEMPORARILY,"Cl. 39 Sur #44-22, Zona 8, Envigado, Antioquia, Colombia",6.1694154,-75.590336,"mexican_restaurant,grocery_store,food_store,restaurant,food,point_of_interest,store,establishment",4.7,117,"grocery_store,restaurant",,
ChIJPVU_yHmfRo4Rxhkxjt40XlA,Mercadería Justo & Bueno,CLOSED_TEMPORARILY,"Cra. 55b #21 - 46, Rionegro, Antioquia, Colombia",6.1287306,-75.3810352,"supermarket,point_of_interest,grocery_store,food_store,food,store,establishment",4.5,19,grocery_store,,
ChIJPdRmKoYpRI4R4aE9vyk0e50,"Folks, Snacks de Película. Tienda de Snacks",CLOSED_TEMPORARILY,"Tienda 100% on line, El Poblado, Medellín, Antioquia, Colombia",6.1947722999999995,-75.56066369999999,"point_of_interest,grocery_store,food_store,food,store,establishment",4.3,8,grocery_store,,
ChIJT3pR8_QpRI4RrOS0DJwUcKQ,Salpihouse,CLOSED_TEMPORARILY,"Cra. 86 #42c-9, Santa Monica, Medellín, La América, Medellín, Antioquia, Colombia",6.248971699999999,-75.6057454,"grocery_store,food_store,food,point_of_interest,store,establishment",5,4,grocery_store,,
ChIJV7gD3F2bRo4RAphIAWr5QUU,Mercadería Justo & Bueno,CLOSED_TEMPORARILY,"KM 28 VIA, La Fe, Las Palmas, Retiro, Antioquia, Colombia",6.0949241,-75.4888775,"supermarket,grocery_store,food_store,food,point_of_interest,store,establishment",4.5,84,grocery_store,,
ChIJVbxfUJMvRI4R6-zBhWFot9s,Mercadería Justo & Bueno,CLOSED_TEMPORARILY,"Dg. 56 #42 17, Ciudad Niquia, Bello, Antioquia, Colombia",6.339716300000001,-75.5485222,"supermarket,grocery_store,food_store,point_of_interest,store,food,establishment",4.3,145,grocery_store,,
ChIJW2uOoIWCRo4REGJid7VjS0M,The Market Delicatessen,CLOSED_TEMPORARILY,"entre calle 2S, Cra. 32 #2sur-47, El Poblado, Medellín, Antioquia, Colombia",6.1982313,-75.5656556,"grocery_store,food_store,food,point_of_interest,store,establishment",4.5,20,grocery_store,,
ChIJa4NX4vafRo4R5UX4rW2Zd20,Rancho de lata,CLOSED_TEMPORARILY,"Unnamed Road, Rionegro, Antioquia, Colombia",6.1571413999999995,-75.3875087,"grocery_store,point_of_interest,food_store,food,store,establishment",4.5,2,grocery_store,,
ChIJbxVNrAQpRI4RIqdxnC69Y6M,Tiendas D1 - Bolivar,CLOSED_TEMPORARILY,"Cra. 51 #72, La Candelaria, Medellín, La Candelaria, Medellín, Antioquia, Colombia",6.2453477,-75.5703051,"supermarket,grocery_store,food_store,food,point_of_interest,store,establishment",4.4,65,grocery_store,,
ChIJfWxi8SUpRI4RJQlfdSiTd1A,SAGRIAL CULTO AL SUSHI-EXITO POBLADO,CLOSED_TEMPORARILY,"Cl 10 ##135, El Poblado, Medellín, El Poblado, Medellín, Antioquia, Colombia",6.2122487,-75.5746363,"grocery_store,food_store,point_of_interest,store,food,establishment",5,1,grocery_store,,
ChIJizyJswCDRo4RQHAbdGHwWjk,BREK,CLOSED_TEMPORARILY,"Cl. 56 #50 48, Villa Paula, Itagüi, Antioquia, Colombia",6.174196299999999,-75.6056163,"grocery_store,point_of_interest,food_store,food,store,establishment",,,grocery_store,,
ChIJk1WFyN6fRo4RoPIS1xRlHbM,Mercadería Justo & Bueno,CLOSED_TEMPORARILY,"Cl. 30 # 43 - 22, Marinilla, Antioquia, Colombia",6.1778773,-75.34239819999999,"supermarket,grocery_store,point_of_interest,food_store,food,store,establishment",4.5,31,grocery_store,,
ChIJlwKOK0ODRo4RZjf6FxnmupE,Distribuidora Santa Barbara,CLOSED_TEMPORARILY,"Tv. 33a Sur #3106, Las Flores, Envigado, Antioquia, Colombia",6.1738307,-75.5791176,"grocery_store,food_store,food,point_of_interest,store,establishment",,,grocery_store,,
ChIJm_Mgk7mbRo4RvaR7XRpMMfk,Tienda El Diablo,CLOSED_TEMPORARILY,"Retiro, Antioquia, Colombia",6.0642046999999994,-75.5011585,"grocery_store,food_store,point_of_interest,store,food,establishment",5,2,grocery_store,,
ChIJsZdLtSWRRo4R6UqQvwIxhFg,Tienda la cancha,CLOSED_TEMPORARILY,"Unnamed Road, La Ceja, Antioquia, Colombia",5.9606794,-75.4722381,"grocery_store,point_of_interest,food_store,food,store,establishment",,,grocery_store,,
ChIJuVV6wiMvRI4RqtErtiM1DvY,tienda De Mascotas Garritas Y Huellitas,CLOSED_TEMPORARILY,"Cra. 68a #110-06, Tejelo, Medellín, Castilla, Medellín, Antioquia, Colombia",6.3062401999999995,-75.5677298,"grocery_store,food_store,point_of_interest,store,food,establishment",4.5,2,grocery_store,,
ChIJwztaiI4pRI4Rwv1DMVUhCcU,Alimentos Casa Vegetariana,CLOSED_TEMPORARILY,"Belen La Nubia, Cl. 18 #81 87, Medellín, Belén, Medellín, Antioquia, Colombia",6.2231923,-75.6034332,"grocery_store,food_store,food,point_of_interest,store,establishment",4.6,14,grocery_store,,
ChIJ4-w_3EQpRI4R6L1g7Okxb9w,Drogueria Pasteur,CLOSED_TEMPORARILY,"Los Pinos, Medellín, La América, Medellin, Antioquia, Colombia",6.2506021,-75.5969379,"pharmacy,point_of_interest,health,store,establishment",5,2,pharmacy,,
ChIJCTHN6RcpRI4RsCi7oHav1-w,Droguería Inyectologia,CLOSED_TEMPORARILY,"San German, Robledo, Medellin, Antioquia, Colombia",6.2688209,-75.5872905,"pharmacy,point_of_interest,health,store,establishment",5,1,pharmacy,,
ChIJFfCOdZopRI4R7d1p6tMhS30,DROGUERIA VALENFARMA,CLOSED_TEMPORARILY,"Cra. 31 #42-3, Buenos Aires, Medellín, Buenos Aires, Medellín, Antioquia, Colombia",6.236673499999999,-75.55614299999999,"pharmacy,point_of_interest,health,store,establishment",5,1,pharmacy,,
ChIJKzK4m0SBRo4RksQzexVksyU,DROGUERIA MALL VITAL,CLOSED_TEMPORARILY,"Mall Plaza Bavaria, Cra. 55 #77 sur 81, Poblado del Sur, La Estrella, Antioquia, Colombia",6.159737,-75.6370743,"pharmacy,point_of_interest,health,store,establishment",,,pharmacy,,
ChIJZ1lfAgiBRo4Rv4J3rBnfWl8,Droguerias Echavarría S.A.S.,CLOSED_TEMPORARILY,"Cra. 38 #37sur 36, Zona 9, Envigado, Antioquia, Colombia",6.1682027999999995,-75.5844469,"pharmacy,point_of_interest,health,store,establishment",4.9,11,pharmacy,,
ChIJrw5KwOsoRI4RQVAxv_maM48,San Rafael Droguería,CLOSED_TEMPORARILY,"Cra. 45 #69 75, Manrique Central II, Medellín, Manrique, Medellín, Antioquia, Colombia",6.2642266,-75.55528389999999,"pharmacy,health,point_of_interest,store,establishment",3.5,25,pharmacy,,
ChIJ-aug6egnRI4RnjymEySy57s,My Secret Garden,CLOSED_TEMPORARILY,"7GMM+C3Q, Guarne, Antioquia, Colombia",6.283587499999999,-75.46726559999999,"camping_cabin,lodging,point_of_interest,establishment",5,2,lodging,,
ChIJ0Q4iPwonRI4R96bskaOqiy8,Hygge La Casita,CLOSED_TEMPORARILY,"Aeropuerto internacional Jose Maria Córdova, Vía Vda. San José, Guarne, Antioquia, Colombia",6.2417975,-75.44719429999999,"private_guest_room,lodging,point_of_interest,establishment",5,2,lodging,,
ChIJ3XKhdvCBRo4RQVifkFFUunQ,Naturalspace.santaelena,CLOSED_TEMPORARILY,"6GV8+4P Medellin, Antioquia Vereda la El Rosario, Santa Elena, Medellín, Antioquia, Colombia",6.2426645999999995,-75.4832314,"cottage,lodging,point_of_interest,establishment",4.3,54,lodging,,
ChIJ94IskBInRI4RNnKr_2EO1m0,FINCA EL REMANSO - LA HONDITA,CLOSED_TEMPORARILY,"Vía Vda. La Hondita, Guarne, Antioquia, Colombia",6.2548867,-75.43639979999999,"hotel,lodging,point_of_interest,establishment",,,lodging,,
ChIJA80JKLgpRI4R1_lKjwHbT5E,Economicos Airbnb ApartaHotel Montana,CLOSED_TEMPORARILY,"Cra 66B #32b - 52, Medellín, Belén, Medellín, Antioquia, Colombia",6.236521799999999,-75.5871846,"hotel,lodging,point_of_interest,establishment",,,lodging,,
ChIJB9XdTOMpRI4R1Sou1N0eSrs,Doña Luz,CLOSED_TEMPORARILY,"Cl 31A #69a-43, Medellín, Belén, Medellín, Antioquia, Colombia",6.2338648,-75.5898905,"lodging,point_of_interest,establishment",5,1,lodging,,
ChIJBQDw7S8XRI4Rw1QDiCir_po,Hotel Doña Pascuala,CLOSED_TEMPORARILY,"Cl. 22 #20-132, Concepción, Antioquia, Colombia",6.395573499999999,-75.2583652,"hotel,lodging,point_of_interest,establishment",4.3,170,lodging,,
ChIJCWDZbT4XRI4RDzkYbeItzpA,Hospedaje Dorado Plaza Concepción Antioquia,CLOSED_TEMPORARILY,"053810, Concepción, Antioquia, Colombia",6.3954547999999996,-75.2588659,"hotel,lodging,point_of_interest,establishment",4.8,5,lodging,,
ChIJGdYPis0nRI4R-BfPYpv7DLc,Cabañas en la Montaña Santa Elena,CLOSED_TEMPORARILY,"7GHF+GH Guarne, Vda. Piedras Blancas, Guarne, Antioquia, Colombia",6.2788125,-75.4760625,"farmstay,lodging,point_of_interest,establishment",5,2,lodging,,
ChIJJ8zlb2opRI4RwFe0ER3HFz4,Gotham Medellin,CLOSED_TEMPORARILY,"Cra. 37 #8A-102, El Poblado, Medellín, El Poblado, Medellín, Antioquia, Colombia",6.2086182999999995,-75.5667753,"hotel,lodging,point_of_interest,establishment",4.7,13,lodging,,
ChIJK6JYbZwpRI4REz1GLtlFsLM,Astorga Gardens,CLOSED_TEMPORARILY,"Cl. 7D #43c-134, El Poblado, Medellín, El Poblado, Medellín, Antioquia, Colombia",6.2094214,-75.57404199999999,"lodging,point_of_interest,establishment",2,1,lodging,,
ChIJLx_bcI4lRI4RkhYQ6SIG89M,La Chava,CLOSED_TEMPORARILY,"Vía Vda. San Isidro, Guarne, Antioquia, Colombia",6.2894440000000005,-75.4713759,"lodging,point_of_interest,establishment",5,1,lodging,,
ChIJPTZvSl8oRI4RXgC1wqKhOCg,Lucia Central,CLOSED_TEMPORARILY,"Cl. 54 #36-48, La Candelaria, Medellín, La Candelaria, Medellín, Antioquia, Colombia",6.2466278,-75.5558246,"hotel,hostel,lodging,point_of_interest,establishment",4.5,63,lodging,,
ChIJPZ4zi_4hRI4Rfue4WrGHtiA,Finca la panameña,CLOSED_TEMPORARILY,"Unnamed Road, Vda. Chaparral, San Vicente, Antioquia, Colombia",6.2536748,-75.3692849,"lodging,point_of_interest,establishment",4.2,25,lodging,,
ChIJPfwqCSsnRI4R28kVPEMj8B4,Zorbo - Coffee Tour,CLOSED_TEMPORARILY,"6.2408634, -75 #5273043, Medellín, Santa Elena, Medellín, Antioquia, Colombia",6.2408893,-75.52736220000001,"farmstay,lodging,point_of_interest,establishment",5,2,lodging,,
ChIJS-pysg8pRI4RC_6Y4Fn02SM,apartamento Airbnb estadio,CLOSED_TEMPORARILY,"Cra. 73 #47-13, Laureles - Estadio, Medellín, Laureles, Medellín, Antioquia, Colombia",6.2534056,-75.5919759,"lodging,point_of_interest,establishment",5,5,lodging,,
ChIJT6uLXeYXRI4RC9WX6ClNXKE,Hotel la casa de papá,CLOSED_TEMPORARILY,"Cra. 20 #22 35, Concepción, Antioquia, Colombia",6.39623,-75.258336,"hotel,lodging,point_of_interest,establishment",4.3,20,lodging,,
ChIJTf5iJdgXRI4R9DA_M2KIJkc,Casa de Campo El Edén,CLOSED_TEMPORARILY,"Concepción, Antioquia, Colombia",6.3917177999999994,-75.262625,"lodging,point_of_interest,establishment",4.5,6,lodging,,
ChIJTxNxnWeBRo4RlpHtBImM-lk,"VILLA ROSALINDA, San Antonio de Prado",CLOSED_TEMPORARILY,"050029, San Antonio de Prado, Medellín, Antioquia, Colombia",6.1803485,-75.6549041,"bed_and_breakfast,lodging,point_of_interest,establishment",4.8,6,lodging,,
ChIJad4YGxLMRY4RsS9EsmerQB8,Hostería El Tesoro Escondido,CLOSED_TEMPORARILY,"Sopetrán, Antioquia, Colombia",6.4505278,-75.78895460000001,"hotel,lodging,point_of_interest,establishment",4.1,109,lodging,,
ChIJg1-_t7ehRo4RS4DuB6MtzI8,Finca - Hotel El Mirador,CLOSED_TEMPORARILY,"Marinilla, Antioquia, Colombia",6.1956297,-75.3359186,"hotel,lodging,point_of_interest,establishment",4.5,39,lodging,,
ChIJgfTc5XApRI4RNhmK9-XUaYA,Laura Rendón Aguirre,CLOSED_TEMPORARILY,"Villa Guadalupe, Medellín, Manrique, Medellin, Antioquia, Colombia",6.2825505,-75.550927,"lodging,point_of_interest,establishment",5,2,lodging,,
ChIJhW441wWHRo4RwU-jz6SxUE8,Finca Villa Fernando,CLOSED_TEMPORARILY,"Vía La Esperanza, La Estrella, Antioquia, Colombia",6.1171894,-75.6470274,"lodging,point_of_interest,establishment",5,4,lodging,,
ChIJjcKzMZknRI4RLFLMpG6N1iM,"Alquiler Casa finca Gosen, Santa Elena",CLOSED_TEMPORARILY,"Santa Elena, Medellín, Medellín, Santa Elena, Medellín, Antioquia, Colombia",6.253556499999999,-75.4965843,"farmstay,lodging,point_of_interest,establishment",,,lodging,,
ChIJl-VCt4mZRo4RE7xjAqyEp34,Camargo Ecohostel,CLOSED_TEMPORARILY,"Sector El Tejar, Vía El Canadá-Vereda Camargo, El Carmen de Viboral, Antioquia, Colombia",6.0798635999999995,-75.34798909999999,"bed_and_breakfast,lodging,point_of_interest,establishment",4.3,37,lodging,,
ChIJlbUbGYQpRI4RngH1Hr20na4,Colonial House,CLOSED_TEMPORARILY,"Cra. 45D #59 48, La Candelaria, Medellín, La Candelaria, Medellín, Antioquia, Colombia",6.2549889,-75.56021299999999,"hotel,guest_house,lodging,point_of_interest,establishment",5,1,lodging,,
ChIJn8KeOMUpRI4R1UTYzTC4yyQ,Laureles Bed and Breakfast,CLOSED_TEMPORARILY,"Cra. 80A #36-21, Laureles - Estadio, Medellín, Laureles, Medellín, Antioquia, Colombia",6.2444919,-75.60109899999999,"hotel,lodging,point_of_interest,establishment",5,41,lodging,,
ChIJqce7phXNRY4RlEpEyNnhdlw,Casa Finca Cuatro Vientos,CLOSED_TEMPORARILY,"Piñon de la Loma, Vía Vda. Las Guacamayas, San Jerónimo, Antioquia, Colombia",6.4194413,-75.7223547,"farmstay,lodging,point_of_interest,establishment",,,lodging,,
ChIJqwS2i60lRI4R6-PHET7D-jI,Country Life,CLOSED_TEMPORARILY,"Copacabana, Vda. El Noral, Copacabana, Antioquia, Colombia",6.357621,-75.505078,"hotel,lodging,point_of_interest,establishment",,,lodging,,
ChIJqyqjztQnRI4RjgzuCM9UZM8,Zanta-Cool Casa de Campo- Hospedaje,CLOSED_TEMPORARILY,"Santa Elena, Corregimiento, Medellín, Santa Elena, Medellín, Antioquia, Colombia",6.210174899999999,-75.4982476,"lodging,point_of_interest,establishment",1,1,lodging,,
ChIJr01fhRwpRI4R5vacqdfzxms,Charlie Palace Hostel,CLOSED_TEMPORARILY,"Cl 11A #43F-24, El Poblado, Medellín, El Poblado, Medellín, Antioquia, Colombia",6.213757,-75.573698,"bed_and_breakfast,lodging,point_of_interest,establishment",4.3,74,lodging,,
ChIJtcdoq5_MRY4RhT1GEyZXT6w,VILLA CLAUDIA,CLOSED_TEMPORARILY,"Carretera antigua entre San Jerónimo y Sopetrán Parcelacion el Hato, San Jerónimo, Antioquia, Colombia",6.457933,-75.739946,"hotel,lodging,point_of_interest,establishment",5,1,lodging,,
ChIJu20c1vYoRI4Rye5PrnAuHXc,Rooms For Rent,CLOSED_TEMPORARILY,"Cra. 43 #58 - 44, La Candelaria, Medellín, La Candelaria, Medellín, Antioquia, Colombia",6.252866,-75.5595617,"hotel,lodging,point_of_interest,establishment",5,1,lodging,,
ChIJxa8oLEUlRI4RLCxvW2BxOqo,Parcelación Mirador de San Nicolas,CLOSED_TEMPORARILY,"El Molino, Guarne, Antioquia, Colombia",6.315995999999999,-75.448121,"lodging,point_of_interest,establishment",,,lodging,,
ChIJxeIGjHkpRI4RK7eRSLJePto,West Medellin BnB,CLOSED_TEMPORARILY,"Cl. 77E #71-04, Cordoba, Medellín, Robledo, Medellín, Antioquia, Colombia",6.2753828,-75.5809838,"lodging,point_of_interest,establishment",,,lodging,,
ChIJy8UtGOshRI4R-uD5saFNHzA,"Luxury Guarne, apto Mentha Dray",CLOSED_TEMPORARILY,"Cra. 50 #35-120, Guarne, Antioquia, Colombia",6.269192299999999,-75.4344453,"lodging,point_of_interest,establishment",5,10,lodging,,
